발화문,상황,happiness,fear,angry,neutral,disgust,sadness,surprise
개딸들 몰려와서 비추누르네,angry,,,,,,,
"일본쪽 살인사건은 잘 모르겠고, 강남역 살인사건은 혐오 범죄가 아님. 이미 다른 선진국의 경우는 hate &amp; bias motivated crime이라는 개념이 형사범죄로서 다뤄지는 법률적 개념이 있고, 그걸 겨우 여성학이라는 비과학적인 개념을 들고와서 ""여성이 죽었으니 여성혐오에요!"" 라는 식으로 우겨봤자 설득력이 없음.",neutral,,,,,,,
섭리를 거스르는게 자유와 평등이 아니다! 그건 어리석은 짓이고 자연의 역행이다!,angry,,,,,,,
"양성애, 동성애, 이성애 뭐가 됐든 성적표현은 개인적으로 하길 바란다. 애들 인권도 중요함",neutral,,,,,,,
영화감독이 한편의 영화감상평을 영화 잡지가 아니라 기사에 내는게 정상인가요? 심리분석을 한답시고 그 근거로 영화 분석을 하신다구요? 영화감독이 정신심리학에 대해 인정받은 사람인가요?,surprise,,,,,,,
코인 떡락한지가 언제인데 아직도 이런글을 ..,neutral,,,,,,,
"화나요 를 왜 없앴나 공감백배 이딴거 말고 화나요 또는 사회 분란 조장,또는 쓰레기 기사 이런걸 만들라고 공감배배는 추천수보면 된다고",neutral,,,,,,,
진짜 ㅂ.....ㅅ 같다.....,disgust,,,,,,,
육아간병돌봄이 너무나도 힘들다는 것은 인정한다만 그걸 노동경력으로 인정하는 건 전혀 별개의 문제다.,neutral,,,,,,,
울진 군수는 무소속으로 당선됐음 이번에 국힘 공천 탈락함 국힘이랑 엮지마셈,neutral,,,,,,,
"대구,경북, 강원 그동네 지자체장이 어느당인지 봐라. 사람을 보고 뽑아야 하는데 당보고 뽑으니 개, 돼지가 되는거야. 대구도 코로나 환경에 얼마나 박살 났어. 다 자업자득이지.",angry,,,,,,,
"인정함. 19대 정부는 이재민 구휼에 최선을 다했는데, 그너무 지차체 공무원들이 20대의 윤가를 뽑는데만 정신이 팔려 있다보니.. 전국에서 보내준 물자까지도 배분을 안 하고.. 덕분에, 윤가는 이익을 봤지. 네놈들이, 문정권을 욕하면서 표를 안줬었으니깐.. 다 자업자득이다. 주면 뭐하냐? 니들 공무원이 ""가늘고 긴~ 생명""유지하면서 문정권이 욕 먹게끔 최선을 다 했고, 그에따른 결과물도 윤가의 승리로 이끌었는데.. 국짐을 위해 열심히 일한 그쪽 쓸기당이 잘한거야. 욕은 민주당한테 했던 니놈들은 앞으로도 똑같은 일만 반복되길 바란다.",neutral,,,,,,,
민주당 것들이 대부분이지...,sadness,,,,,,,
저거 나눠주면 문정권에 감사하고 투표가 어찌될지 모르니 안줬나본데.,neutral,,,,,,,
뭐 눈에는 뭐만 보인다더만.....,angry,,,,,,,
경기도는 대장동이냐? 여기까지 정치 선동질이네,angry,,,,,,,
일부러 나눠주지 않았을거란 강력한 의심…,neutral,,,,,,,
민주당의 멍청한 기득권들은 입닥치고 있어라. 짜증난다 너그들때문에 없는사람은 더 없이살아간다.,disgust,,,,,,,
하이에나라고? ㅋㅋㅋㅋ 대선 지선 이기도록 몸 바친 사람한테 하이에나라고 하네 역겨운 구태들,disgust,,,,,,,
이 정권 아래서는 100만 가도 이상하지 않을 듯,fear,,,,,,,
뭐가 잘못된건지도 모르는 도른자들은 운전좀 안했으면 좋겠다 진심....,fear,,,,,,,
전과8범이 대통되었음 요즘 주식 코인손실보상법 만들어 막 퍼주고 나라는 고물가인플레이션에다 먹고노는 실업자로 가득할톈데~ ㅉㅉ 정신들 차리시길~,fear,,,,,,,
주유소 가격이 인상 때는 즉시 완전히 반영하고 인하 때는 천천히 부분적으로만 반영하는 비대칭 문제는 벌써 20년 전에도 제기되어온 문제인데 아직도 그대로라는 건 그걸 바로잡을 생각 자체가 없는 것이고 그건 그럴 책임과 권한이 있는 정부부처 담당자들이 자기들 이권이 걸려있기 때문이겠지?,angry,,,,,,,
ㅋㅋㅋ 성공적이였다고? 국짐당 답네~~~~,disgust,,,,,,,
안쓰는사람은 10년동안 한번도안쓰는데 많이쓰는사람돈을 올려 짜증나네,angry,,,,,,,
너무 반갑습니다. 너무 보고싶었습니다.,happiness,,,,,,,
전기요금 올릴거면 누진제없에라,neutral,,,,,,,
문재앙 싸놓은 똥들중에 일자리 늘렸다고 구라칠용으로 늘린 강제공무원똥부터 좀 줄이자. 미친틀늬 똥을 사방에 싸질러놨네,angry,,,,,,,
사형제 제대로 집행해 경각심을 높여야지 폐지라니 무슨 헛소리여.,angry,,,,,,,
무당정부의 예상답변은 잘모르겠다 이런식으로 왔다갔다하다가 좋아질수도 있다 우리는 검찰만 신경쓸거다 끝.,neutral,,,,,,,
상식적으로 수사 결과를 뒤집을 증거가 나온것도 아닌데 기존 증거를 토대로 나온 수사 결과를 180도 뒤집는 것이 말이 되나?,surprise,,,,,,,
하반기에 2000 무너집니다. 가계부채 폭탄 터지니 현금 보유하세요. 모든 지표가 폭탄 터진다를 향합니다. 대피들 하세요.,fear,,,,,,,
중국이 침략자 편드는 순간 왕따각,fear,,,,,,,
내가 내는 연금 이따위로 관리 할거면 월급 반납해라 국밈연금공단은,angry,,,,,,,
쉬는 것도 투자다. 7월 금통위 전에는 현금 갖고 계시길...,neutral,,,,,,,
지들 영토 남동부 완전히 뺏기고 있는 우구라 넘들이 독도보다 작은 돌섬 뱀섬에 화풀이하고 앉았네.,angry,,,,,,,
내일가셔서 학원차 앞에다 똑같이 하세요. 학원차들 학생들 태운다고 뭐 특권마냥 길가줄줄이 2차로 세워놓는거 보면은 기도안찹니다. 뭐라 그러고 싶고 신고도 하고싶지만. 지금글쓰는 순간에도 아파트 출입구에 학원차 불법주차 하고 있네요.에이 썅 ㅠㅠ,angry,,,,,,,
권불삼년이라고 국가를 위해서 일할 생각을 해야지.... 국민들은 누구나 잘못된 것임을 압니다 ㅉㅉ 반성해도 너무 늦은 일,angry,,,,,,,
박헤영 부장검사야 니가 검사야 그러고도? 경찰이 구속시킨 불법체류 마약사범 태국놈을 풀어줘???,surprise,,,,,,,
어짜피 유류세 인하는 정유사 이익만 남기는 정책,neutral,,,,,,,
"저번에 고민정이 욕설과 소음때문에 블루베리도안 자란다고 난리더니, 문재인 수염은 넘 잘 자라네.. 고민정은 감성 말라 비틀어진 개소리에 대해 해명해!!",angry,,,,,,,
일베아베틀베는 왜구 앞잡이 왜구지 대한민국 국민이 아니다 ㅡ왜구멸종!,disgust,,,,,,,
전라도놈이 불질럿겠지 우덜 종북 황석영 작가가 최고야 하면서,disgust,,,,,,,
역시 민똥당이네 그럼그럼,disgust,,,,,,,
앞에 있을때도있고 뒤에 설때도 있는거지 무조건 앞에만 있어야한다는 발상은 뭐냐? 나머진 다 들러리냐? 제발 상식적으로 살자,angry,,,,,,,
다행히 피해가 크지 않아서 다행이네요...건물 안에 있었던 분들이 전부 다 잘 대피한 것 같아서 안심이네요...빨리 일터로 빨리 돌아갈 수 있길 바랍니다!,neutral,,,,,,,
좌파들 모조리 사표 수리는 안된다 조사후 징계 또는 수사해서 바로세워야한다 문빠 들밑에서 개노릇 했으면 이젠 보신탕 집으로 가야지,disgust,,,,,,,
도박근절,neutral,,,,,,,
교도소 안갈라고 발악을 하는구나~ㅉㅉ 어린게 못된것만 배워갓구...,disgust,,,,,,,
진핑이가 애국자는 아니지 지 배때지 불리는거지. 미국 싫어한다면서 지 딸래미는 미국 유학,neutral,,,,,,,
2찍들이 뇌가없어요 사리분별이 안돼 똥오줌못가려요ㅋㅋ,disgust,,,,,,,
천인공노할 만행을 서슴없이 저지르는 윤석열 김건희 최은순 한동훈 원희룡 박보균 이상민 진중권 서민 김경률 김은혜 배현진 허은아 조수진 등등 왜구의힘 조선일보 방가네 동아일보 중앙일보 문화일보 ??검,disgust,,,,,,,
안가는게답,neutral,,,,,,,
무식하면 용감하다!!! 중국과 유기적 관계인 기업들 무너지는 소리가 들리는구나!! 그래서 대통령자리는 초보자가 앉을자리가 아니다 멀리내다보는 식견이란게 없네,angry,,,,,,,
노조놈들 시도때도 없이 집회하냐!!! 시민들 불편하다 하지마!!!,angry,,,,,,,
서욱 그렇게 안봤는데 대령에서 전역해야하는데 장군되서 사람다버렿네 좌뻘장관,disgust,,,,,,,
대깨 기레기들 어떻게든 못 까서 안달 ㅎㅎ 곰재앙한테 그렇게 비판적인 태도를 취했었다면 니들 기사 인정해줄 수 있었을텐데 ㅎ,disgust,,,,,,,
YS 삼풍사건 대구지하철 성수대교 붕괴된게 생각나네. 윤통 때 뭐하나 터질때쯤 되었다.,neutral,,,,,,,
"연합기레기야, 친명계는 없단다, 제대로 공부좀하고 기사를 올려라~~",disgust,,,,,,,
중국인 되느니 외국으로 가야지.,neutral,,,,,,,
비선 캠프가 아니면 법카소비 촉진 애국 단체이더냐 ㅋㅋ ■,angry,,,,,,,
새차사야지,neutral,,,,,,,
쓰레기 처리는 어디에 할것인가? 모가지가 다찿다는데,neutral,,,,,,,
양산에서 쇼질하는 재앙이 니가 싸질러놓은 똥들 어쩔꺼냐,angry,,,,,,,
이엘님의 행복함을 느낄수 있는 좋은 기사 추천합니다. 인어공주도 이정도 기쁨은 못느끼고 죽을듯,happiness,,,,,,,
이준석: 제발 목숨만은 살려주세요~ 윤석열: 앞으로 까불래 안까불래 이준석:그래서 제가 형님 마중왔잔아요 헤헤 앞으로 안까불고 충성바치께요,disgust,,,,,,,
팽당할거같으니까 아부떨러 갔구나 ^^,neutral,,,,,,,
"저럴땐 ""흔들림 멈춰"" 하면 됨",neutral,,,,,,,
대통령보다 앞장서서 관종처럼 다니는 할매가 있는 반면 조용히 뒤에서 묵묵하게 다니는 모습이 훨씬 좋다.,happiness,,,,,,,
푸틴 말이 맞아,neutral,,,,,,,
보수는 하는 짓이 왜..다..저러지,sadness,,,,,,,
누구나 늙기에 늙음을 비하할 생각은 없지만 국힘의 노친네들은 뇌가 퇴보를 하는거같음. 1보수라는 것들이 틀튜브에 휘둘려 문재인 욕만 하면 표줄줄 알고 했다가 어케 됐누? 젊고 스마트한 애가 탄핵 5년만에 정권 찾아 왔는데 한게 1도 없는 패잔병들이 지들 밥줄 끊길까봐 발광하는 꼬라지가 너무 역겨움. 속내는 드러우면서 윤석열 위하는척 하는거보소.,disgust,,,,,,,
주석이 똥줄탔구나,neutral,,,,,,,
2조원더주고빨리평화를가지고오라.막강화력으로러시아무기를박살내라.지원탄약고.후방군수본부를더강하게쓸어부려라.러시아석유.가스사주는프랑스.독일.인도.중국.이자슥들이 즐기는구나.이란을해제하고석유를풀어라.유기늘 내리는방법이다.핵개발십년간안하는조건으로인란석유수출허용하라.,neutral,,,,,,,
판사가 이따위인가...니들도 정치꾼이냐,disgust,,,,,,,
이런 다러운 짖을 아직도 하네요 오로지 나라만 걱정하는 분인데 좌표찍고 악풀달고 수준 이하는 엄능 정리 돼야 합니다,angry,,,,,,,
죽어야 할 놈이 별짓거리 다하네!,disgust,,,,,,,
굥 서초동 비선캠프는 조사 안 하나? 거늬 주가조작은?? 보복수사 그만하고 고유가에 고물가 주가하락 등으로 고통받고 있는 민생 좀 돌보라고요!!!,angry,,,,,,,
금리 처 내리고 ltv80% 같은 소리 해라! 금리 5%에 대출 80%가 무선 의미가 있냐,angry,,,,,,,
재수없다,disgust,,,,,,,
"박용진 100% 국짐에간다,, 지금 몸 값 올리는 중이시다",happiness,,,,,,,
저건 정신장애?,disgust,,,,,,,
가상인간보다 만화가 났네..너무 끔찍하네요..,angry,,,,,,,
이 대표의 입지를 흔드는 핵관들이 언제까지 당권을 쥘 수 있을까? 얼마 안 남았다고 생각해. 그리고 젊은 정치인을 코너로 몰고 끌어낸다면 대한민국의 정치는 사망선고를 내리는 것임에 지나지 않을 것이다. 국힘당 의원들은 하늘을 우러러 한치의 부끄럼이 없는 자가 과연 몇이나 될까 의문이 든다.,angry,,,,,,,
이것도 범죄아니냐..? 니들이 먼데 일반시민의 시간을 뺐는데? 대통령 앞에 가서 시위를 하던가,angry,,,,,,,
국가의 첫째 의무와 대통령의 의무가 다릅니까 문재인씨 ?,angry,,,,,,,
노동 ㅉㅉ,angry,,,,,,,
이사람은 3일 가는데도 수십벌은 되긋다. 150만원 곱하기 20벌 곱하기 외교행사 5년간 800번하면 얼마냐? 240억 정도 된다.,neutral,,,,,,,
박근혜 누드사진 만든놈도 세금 받아쳐먹고 있는데 ㅋㅋ 재앙는 국민 위에 있냐? 빵에 드갈늠이 ㅋㅋ,disgust,,,,,,,
연소득4000이 2억넘게대출하면 밥은어떡케 먹고살어??? 부모님이 도와주나?,angry,,,,,,,
애안낳고 맞벌이지 당연하거 아니냐?,surprise,,,,,,,
ㄴ맞벌이는 부부 소득 더해서 dsr계산함. 연소든 4000자체가 최저임금도 못받는 집이란 비현실적인 설정임,neutral,,,,,,,
재명이형은 독재스타일.,disgust,,,,,,,
정계은퇴한다고 기자회견꺼지 한 인간이 아직도 잔칫집 기웅거리는 걸뱅이버릇 못고치고,disgust,,,,,,,
어이 읎네.우한 바이러스를 삐라로 옮겼다고 허네. 사이언스는 핵무기 만들때만 필요한게 아니다. 짱깨들에게 잘 보이고 싶은거지? 답이 없다.중국처럼 집단지도체제로 개방해라. 삼대를 해쳐 먹었으면 마이 해묵었다 아이가.,disgust,,,,,,,
문재인 따라서 하는 듯 공포감 조성해서 지지율 올리려고?,angry,,,,,,,
북한인이 바보냐 심야열병식때 마스크 안쓰괴 단체로 감염되었는데 열병식 누가 기획했나,angry,,,,,,,
박 전 대통령때부터 정해진거 그냥 좀 계획대로 진행하면 안되나? 어차피 할꺼면서 정권 바뀔때마다 한다만다…,angry,,,,,,,
짱깨들이 하는 소리 그대로 따라 하네ㆍ 코로나 진원지는 중국이란 걸 천하가 다 알고 있다,disgust,,,,,,,
"주가조작, 유지 논문에는 단 한 마디 언급도 없는............전여오크 클라스........................선택적 정의 선택적 분노.",angry,,,,,,,
윤석열 정부가 한방에 해냈다 빨리 대출 받아 재건축 아파트 한채 장만합시다,happiness,,,,,,,
인민해방군-국방군 사이에 DMZ 있어서 3km 거리두기 중인데,neutral,,,,,,,
문재인 때문에 못살겠다,angry,,,,,,,
사당에서 이촌오는데 1시간 걸렸다…내가 인성장애인되게 생겻다 와오 진짜 경찰은 저런 불법시위 해산 안하고 뭐하는거냐,angry,,,,,,,
인간이하 준색이 물고 빨아라 이 모지리야,angry,,,,,,,
임영웅 이 시대 최고 가수 우리 가수의 모든 날을 응원합니다♡,happiness,,,,,,,
임영웅 콘서트 꼭 가고말꺼야 티빙으로도 볼거에요,happiness,,,,,,,
최소한 국립 공원에서는 고성방가 단속좀합시다.꼰대할배들 여기저기서 시끄럽게 다니는데 진짜 못볼꼴,angry,,,,,,,
임영웅.이렇게 진정한 멋쟁이를 언제나 언제나 응원합니다.,happiness,,,,,,,
KG그룹 민노총때문에. 또 망하게생겼다.,angry,,,,,,,
서울콘서트 마지막날 팬을위해 방송으로 송출해 팬들마음 달래고싶어 통큰 마음을보여주네요. 영웅님 콘서트 꼭가서 보고싶은 마음은 누구나 희망이겠줘 임영웅님 만날길이 어려워 애타는 팬들 마음을 알아주는 우리가수님 고맙습니다. 빨리보고싶네요,happiness,,,,,,,
임영웅 콘서트 방구석1열에서도 볼수있다니 넘 기쁘네요,happiness,,,,,,,
멀고 주말엔 비온다ㅜ,sadness,,,,,,,
다늙어서 초딩처럼 나 안 나갈게 너 나오지 마라. 이러면 누가 납득하냐.,angry,,,,,,,
이재명 의원이 어떤 결정은 내리든 존중하고 지지하고 응원하겠습니다??????,happiness,,,,,,,
바보 윤무식 일하면 머하노 성괴가 다 망치는데,angry,,,,,,,
국힘도 협조해라..쓰레기취급받기싫으면..,angry,,,,,,,
없는 허물로 소설쓰느라 애썼다. 사람같지도 않은 최강욱 따위를 혁신의 상징인 이준석 옆에 붙이고 ㅈ.ㄹ.인가! 기자는 올바른 기자를 쓰길바란다. 받아쓰기에 살점 붙이지말고.,angry,,,,,,,
한국전쟁 유발해서 한국인 수백만명 학살한 게정은과 중국으로부터 수십조원 배상금 언제 받을거냐?,angry,,,,,,,
노조부터 해산해라,neutral,,,,,,,
기자란 놈의 인식이 이러니 참...,sadness,,,,,,,
고마해라 노무현 대구지하철 참사 때는 3일 만에 지하철 재게 헀더만 이제 정치적으로 그만 이용해라,sadness,,,,,,,
노조는 정신차려야 한다 회사가 이렇게 된건 경영권 무능도 있지만 노조도 한몫했다,neutral,,,,,,,
"BTS로 인해 한글을 배우기 시작한 나라가 얼마나 되는줄 아나?. BTS로 일해 가고싶은 나라가 한국이 된거 아나? 어느누가 이정도로 이 작은 나라를 알리나. 인정해줄 건 인정해주고, 밀어줘야 할 시기에 조건없이 밀어줘라. 이런 가수는 다시는 안나온다",happiness,,,,,,,
하 개빡쳐 대한민국 국민이 쪽팔리는건 어떻게해야되냐?,angry,,,,,,,
차는 아우디네,neutral,,,,,,,
법인세 증여세 는 줄이고 전기가스요금 올리네,surprise,,,,,,,
일본이랑? 어의가없다,surprise,,,,,,,
민생은 역시 민주당이구만,happiness,,,,,,,
이 쓰레기들이 더위를 막었나!!! 니들 쓰레기 문죄인 5년 한 것 보다 윤통 부부가 이번 한 번 한 수확 업적이 더 큰데~~??,angry,,,,,,,
범죄자 얼굴에 모자이크? 범죄자가 인권이 있냐? 쪽팔릴줄알면 죄를 짓지마라.,angry,,,,,,,
너도 명신이처럼 접대부 하면 영부인 될수있어 그것부타 하고와,disgust,,,,,,,
한때 우호국이었던 그담 타깃은 우리 한국이로군!,surprise,,,,,,,
머저리들이 많기는 하네 ㅋㅋ,disgust,,,,,,,
사명감 보단 사리사욕으로 눈먼집단 그이상 그이하도 아니다.,neutral,,,,,,,
SR이 탈선되어도 코레일이 복구. 욕먹는거도 코레일이 대신 먹어주고. 사과도 코레일이 대신하고.... 이게 경쟁입니까 ...,sadness,,,,,,,
언제까지 패션쑈 쳐하고다닐래,angry,,,,,,,
끔찍하다.......,disgust,,,,,,,
해보시든지.ㅋ,neutral,,,,,,,
너나 사라져라.누구 사주받고 이러는거냐? 듣도보도 못한 애가 천불나게 하네. 썩 꺼져라.,angry,,,,,,,
언제쯤 도착할려나,neutral,,,,,,,
윤석열 대통령 지지하고 늘 응원합니다,happiness,,,,,,,
기사내용하고 상관없는 뜬금없다 난독인가...틀탁,disgust,,,,,,,
더 큰 재앙이 오기전에 중국에 핵공격하고 그 땅에다 나무를 심어야 한다,neutral,,,,,,,
장애인들 그동안 안쓰럽던 마음 접으렵니다! 욕나오네요. 힘든 출퇴근길의 직장인들을 볼모 삼아 불법시위 벌이는 그들 역겹군요!,disgust,,,,,,,
"외교 말아먹고 국격이 떨어졌는데, 저걸 보고도 살겠다고 쌰바쌰바 하다니... 한심한 넘들",sadness,,,,,,,
갭투들 요즘도 실거래가 등록후 계약취소나 자전거래로 장난질 하냐 ?,angry,,,,,,,
환경파괴? ㅋㅋㅋㅋ 웃기고있네!!!!!! 야들아 너거더불어더러븐당 태양광은? 어케새각하니? 온산천을 파헤치고 보기싫은 태양광 그것도 중국제 엄청 깔아놨더만!!!!! 절라디언들 그건 어케생각하노?,angry,,,,,,,
미친~~석열이건희때문에 나라꼬라지 개판인데 아직까지 주접은,disgust,,,,,,,
윤재앙이 경제파탄냈네,angry,,,,,,,
유류세 인하 검토 뉴스 나오자 기름값 오르기 시작 ㆍ 유류세 인하분 모두 주유소 사장 주머니로 ?,sadness,,,,,,,
"이동규 피부과 에스테틱샵에서 내가 첫출근 날부터 조롱,비아냥 당한것 주변 사람들한테 다말했다!. 의사넘아, 니병원 망할려도 한것 정치인이 도와줬자나! 이준석과 성매매 한것 아니냐?. 대전이 참 더러워 졌다",angry,,,,,,,
한심하다 한심해. 이런걸로 여론 선동하려는 언론도 진짜 쓰레기다. 느그 대통령보고 물가나 잡으라고 해라.,angry,,,,,,,
성매매 범죄자를 보수 애국민 당에서 퇴출 하십시요.,neutral,,,,,,,
이재명이 희망이다,happiness,,,,,,,
2달의 기적이다.. 코스피 3300일때가 그립네,happiness,,,,,,,
이재명 됐으면 진짜 끔찍할뻔 ㅋㅋㅋㅋ ㅠㅠ,sadness,,,,,,,
생각없는 니 머리가 진짜 대단하다,disgust,,,,,,,
좌파들 지능 수준인가,disgust,,,,,,,
ㅋㅋㅋㅋㅋ 한달 집권해서 상반기 수출이 밀림? 지능수준,disgust,,,,,,,
네다음 짱깨ㅋㅋ 느그나라로 돌아가세요~,disgust,,,,,,,
해외 따라할 필요 있나 그냥 우리나라부터 7살로 해도 되잖아,neutral,,,,,,,
유럽 황후의 자태 멋지다,happiness,,,,,,,
그래도 이재명은 민주당과 함께 국민만 봐라보고 길을 간다.,happiness,,,,,,,
지방 퀴어 페미니스트가 아니라 지방낀 바퀴벌래의 패악질 ㅋㅋㅋㅋ,disgust,,,,,,,
진짜 더럽다,disgust,,,,,,,
아줌마? 가족을 돌보는게 노동이야????????????? 정말??????????,surprise,,,,,,,
"보나마나 좌좀같은 스토리겠지~ 우리나라 경제를 위해서 수출은 하겠지만~~ 맥도날드, 버거킹 같은건 못들어오게 해야한다는 식의~ 뇌에 뭘 쳐넣고 다니는건지",disgust,,,,,,,
플라스틱 이렇게 많이 나오는 나라가 우리나라1위 음료수도 비닐팩으로 변경해야됨,neutral,,,,,,,
쓰레기들 ....에~~효,angry,,,,,,,
그릇이 작은건희 조금있으면 썩려리와합작으로 나라를 팔아 먹겠구나 나라팔아 먹을 정도는 되어야 큰그릇이지 ??????들,angry,,,,,,,
여성가족부 폐지좀,neutral,,,,,,,
음주운전 전과자는 공직선거 출마 제한하는 입법해라. 찢재명 이놈도 피선거권 박탈시켜라,disgust,,,,,,,
콩심은데 콩나고 팥심은데 팥나겠지. 과거이력 생각말고 앞으로 어떻게 하나 잘 지켜봐주시라고 하는 개소리에 여전히 속는 개돼지들이 있으니 저렇게 뻔뻔하게 행동할 수 있는거다. 정신차리자.,angry,,,,,,,
딴 것은 모르겠고 자전거 도로 만든 거는 완전 좋음~~,happiness,,,,,,,
정말 답이 없는 쓰레기정부,angry,,,,,,,
"굳~이 우리 ""한국"" 사람들이 알아야 할 필요가 없는 기사네요. 요즘 언론사들 조선족들이 장악했나? 어휴...",disgust,,,,,,,
경제 곱창나고있는데 진짜 뭐하냐..,sadness,,,,,,,
전장에서 무기를 잃지 않는 건 절반의 승리다. 전 국토의 요새화가 전쟁 승리의 절대적 요건이고.,neutral,,,,,,,
답답한 나라다,angry,,,,,,,
모두 월북시켜라 쓰레기는 이 나라에 있어서는 안될것들이다,angry,,,,,,,
물가 상승의 원인은 돈풀기 그리고 유가폭등이다. 우크라전쟁? 그거는 5% 이내의 영향을 줬을 것 같다. 대부분은 돈을 너무 많이 풀어서 그런거다.... 한마디로 돈가치가 똥값이 된거다.,neutral,,,,,,,
아프니까 청춘이다! 시즌2 인가... 그렇게 정의와 분배를 추구한다면 교수월급 깍아서 청소노동자 처우향상에 쓰시던지... 말로만 정의롭기는 알마나 쉬운 일인가.,angry,,,,,,,
이게 공산당이지 뭡니까? 법원이란 곳이 정의를 구현하는게 아니라 별 말같지도 않은 헛소리만 하는데 이쯤에서 판사들 다 해고해야 됩니다. 도대체 이 정권은 제정신이 아닌 겁니까? 이 나라엔 빚쟁이가 왕입니까?,angry,,,,,,,
노답 국장,disgust,,,,,,,
슬프네요 ㅜㅜ,sadness,,,,,,,
"ㅋㅋ난 윤,김 저자리있어서 눈감았어 이뇨나 끔찍해 5년이",disgust,,,,,,,
천안함 순직장병들에 대한 좌파정부의 대접을 봐라.. 안타깝다,sadness,,,,,,,
전기도 부족한데 그럼 공연 자체를 금지하던지,neutral,,,,,,,
장난하나? 무슨 연인이냐? 헤어졌다 다시 만나는. 탄핵이 답이다.,angry,,,,,,,
대통령은 뭐 했냐고? 김건희 패션쇼 하러 간겨? 세금으로?,angry,,,,,,,
완전히 인식까지 바꿀라면 갈길이 멀다..,sadness,,,,,,,
"댓글봐라...대깨들은 참 악하다. 박원순 성폭행 피해자한테도 그렇고, 어찌 저리 본성이 악해 처먹었을까. 근데 세월호 피해자들은 왜 그리 또 동정하는지...그냥 옳고 그름의 기준이 문재인 인거야, 그리고 자기들하고 생각이 같은지 다른지 인거지. 좋게말해 빨갱이지만 있는 그대로 말하자면 광신도 집단이지",angry,,,,,,,
뭐? 다자외교? ㅋㅋㅋ 기레기들 니들이 이러니 악순환이 되는거야.. 그냥 놔둬라. 말아먹자 시원하게.... 이정도로 망신당한 외교가 있었냐? 기레기야???,disgust,,,,,,,
좋은 글 너무 잘 읽었습니다. 저도 여기 있어요!,happiness,,,,,,,
남페미 = 잠재적 성 범죄자 여페미 = 인천여아살인범,disgust,,,,,,,
이런뉴스가 메인에 올라오면 좀더 다른선택이 나올수 있었을텐데 항상응원합니다 ^^.,happiness,,,,,,,
518에서 입만 뻐끔거리는 짓꺼리는 쇼인거잘안다,neutral,,,,,,,
쓰레기 정부에 어울리는 것들만 차곡차곡 잘도 모아놨다...다음 대선에서 저것들을 한번에 쓸어버리면 된다.,angry,,,,,,,
추하고 더러운 국짐스러운것들.,disgust,,,,,,,
"속여도 계속 속아주는 무지한 할배, 할매들 덕분에 연명하는 정치세력 ㅉㅉㅉ",angry,,,,,,,
에혀....,sadness,,,,,,,
국짐은....그런거는 능력이지 죄가 아니라오,angry,,,,,,,
역시 국 민 의 짐,disgust,,,,,,,
끝까지 추적,neutral,,,,,,,
언론들이 아부기사만 쓰는데 역시 뉴스타파.,neutral,,,,,,,
국짐 도둑놈들당,disgust,,,,,,,
이런 미친 정권~,disgust,,,,,,,
쓰레기들의 집합소일뿐,angry,,,,,,,
나라 좀 먹는 도둑놈들...,angry,,,,,,,
"이재명 의원님 국민을 위해, 대한민국을 위해 민주당 당대표가 되어주세요",happiness,,,,,,,
저거 중국인아냐? 저 여자들 국적 밝히고 추방하라!!,angry,,,,,,,
헤럴드 이렇게까지 허접스러운 줄 몰랐네. 윤모지리 빨고 물고.,disgust,,,,,,,
의원님 절대공감 합니다,happiness,,,,,,,
또 민노총이지? 민노총은 때려잡아야 한다.,disgust,,,,,,,
개 짱개들아,disgust,,,,,,,
적당히 먹어라 비만안걸린다,neutral,,,,,,,
아.... ㅅㅂ,angry,,,,,,,
주가 폭락시키고 원전은 못팔고오고.... 뭐하냐?,angry,,,,,,,
이런 정책 좋다. 부자 감세를 해주면 그만큼 세수가 줄어들고 세수가 줄어들면 복지가 줄어든다.,happiness,,,,,,,
이게 다 무지한 국힘디지당지지자들이 만들어 놓은거지요,disgust,,,,,,,
적극 응원합니다ㅎㅎ,happiness,,,,,,,
부녀지간 넘 보기좋아요,happiness,,,,,,,
이걸 기사라고 올리는 기레기나 보고 좋아요 누르는 OOO 놈들이나 진짜 서부시대같으면 모조리 대가리에다 총알을 박고싶다,disgust,,,,,,,
집에서 손자나 봐 등시나,disgust,,,,,,,
휘발유 3천원ㅋㅋ,surprise,,,,,,,
좌좀 떠라이 떠라이,disgust,,,,,,,
다른대학도 똑같다,neutral,,,,,,,
다음주 다시 도전.. ㅜㅜ,sadness,,,,,,,
최소한 공인중개사는 임대인의 세금체납액을 알 수 있어야 함..,neutral,,,,,,,
문재앙,disgust,,,,,,,
민주노총은 해체 되어야 한다.,angry,,,,,,,
찢죗명 앞잡이 전라도 답없다..ㅎㅎ 더듬어 수준이야,disgust,,,,,,,
열심히해서 화이팅합시다,happiness,,,,,,,
무역수지 악화에 원화가치 똥값이다. 더욱이 가계부채 세계최고 신불자 폭증할 것 같아서 기준금리도 못올린다. 이러다가 외환선물시장에서 조지 소로스 공매도 때려버리면 IMF 사태 또 난다.,neutral,,,,,,,
너무 현실이 역겹네요 오래도록 열일해주세요~!,disgust,,,,,,,
유럽이 원전을 녹색에너지로 포함시키는 조건은 방폐장 건설을 조건으로 한 것입니다. 건설하는데만 30년 이상이 걸리는데 우리나라는 준비는 된건가? 그리고 그렇게 친환경적이면 서울과 수도권에도 짓던가요.,neutral,,,,,,,
기자님의 보도로 인해 큰변화가 아닐지라도 사회의 인식을 진전 시키는데 도움이 될것입니다~~ 오만한 기업들의 인식에 의문을 계속 제기해주세요...,happiness,,,,,,,
한남동 대통령 사저 지하에다가 보관하면 되잖어.... 아니면 용산 대통령근무지 지하에 보관하던지...,neutral,,,,,,,
스벅코리아는 미국 스벅이 아닌 극우회장 정관종임,neutral,,,,,,,
뉴스타파 화이팅!!^^,happiness,,,,,,,
"진정한 여성전문지라면 여가부를 비판하는 게 맞는 방향임. 왜 여가부가 민심을 잃었는지 무엇이 문제였는지 이것부터 시작해야 민심을 얻을 수 있는 건데, 무조건 옹호하고 편가르고 민심을 억지로 얻으려고 하고 방향성도 분명하지 않으니 늘 투쟁적인 행보가 되는 겁니다.패미니즘의 본질은 조화적 안목을 위해 여성소외 요소들을 정상으로 돌려놓으려는 사고의 전환입니다.90년대에도 패미니스트가 있었고 이 분들의 노력으로 여러면에서 평탄화가 이루어진 것임. 그 분들 이런 식으로 미련하지 않았어요. 평등이란 걸 잘못 이해하면 사회를 전쟁터로 만드는 것",neutral,,,,,,,
이렇게 페미니즘이 성행하니까 남자들이 연애와 결혼을 기피하지. 스치기만해도 성폭행범 되는 나라에서 여자에게 다가가기 시도가 가능하냐? 페미니즘이 저출산의 원인이다. 페미니스트들이 없어져야 대한민국이 산다. 페미니즘이 사라져야 세상이 올바로 간다. 그건 너무도 명확하다,angry,,,,,,,
여성피해범죄는 경찰과 검찰이 해결하지 여가부가 하는게 아니에요 이 C - 부 ㄹ 멍청한 페미계집들아,disgust,,,,,,,
장관님께서 가르쳐주신 핸폰 비번걸고 버티면 2년후에 돌려받음 ... 지위좀 있음 2년도 안걸릴 수도 ...,neutral,,,,,,,
완전 가족사기단이네. 대단한 가족이다. 후원한 저명인사들도 가관이네. 신세계는 안가는걸로...,angry,,,,,,,
신셰계 정용진이 500만원 후원했네 도대체 정용진의 정체성은 뭐지 ?,neutral,,,,,,,
그냥 관종 돌XX,disgust,,,,,,,
일베회장님 잘 계시나요?,disgust,,,,,,,
유쾌하게 땅끄로 싹 밀어버리면 더 재미있겠네요^^,disgust,,,,,,,
"노동인권 탄압하는 이미지가 씌워지긴 했지, 그걸로 될까",neutral,,,,,,,
"이게 서민과 국민을 보고 가겠다는 윤정부가 거짓이라는걸 말해주는 사례가 될것이다..기업과 마찬가지로 노동자를 개 돼지 취급하는거지..장관, 대통령도 현 대한민국 노동자처럼 대우해봐라..하루도 못 버티고 난리 칠거다.",angry,,,,,,,
선거에 입후보 한 게 후원금 때문이었다면 용석이는 승리한거네,neutral,,,,,,,
우리나라 왜 이렇게 됐지? ㅠㅠ 극우대통령을 뽑아놨더니 진짜 망해간다 망해가.. 일본에 의해 그렇게 핍박을 받고 피해를 받은 것까지 모두 부정하나? 친일을 하고 싶으니.. 그럴 수 밖에 없냐? 우리 헌법 전문에 나온 3.1운동 정신. 생각해보자.,sadness,,,,,,,
대통령이 보수이긴하지만 극우는아니다...윤석열이 무능력하다고 그런식의 선동 물타기하지마라 문재인또한 진보이긴하지만 극좌는 아니다....문재인보고 북한이랑 손잡은 한통속이라 한다면 어떻게 할거야????댓글꼬라지보니간 대한민국 분열을 노리는 쪽발이 아니면 빨갱이 아니면 짱깨 인게 분명하다,disgust,,,,,,,
극우 아닙니다. 그냥 매국노 입니다.,disgust,,,,,,,
선제타격하겠단 보수라니 ㅋㅋ 보수가 뭔지 모르는 인간들이 참 많아 무식하기는 대텅이나 이찍들이나,disgust,,,,,,,
왜긴 윤미향이 위안부 앞세워서 뒤로 다 빼먹고 정작 위안부 할머니들한테 개짓거리한거 나오니까 그렇지 ㅎ 너 대가리엔 뭐가 들었니? 안타까운 사람들 앞세워서 자기 이권 챙기고 미안하다 고맙다 하는 시민단체 선동자들의 문제가 뭔줄 아냐? 앞으로 사람들이 그런 안타까운 사태를 도와주려 하지 않는다는거다. 사회전체의 신뢰를 말아먹어 버리는거지.. 근데 미향이는 아직도 국회의원이지?ㅎㅎㅎ 정신차려랴,disgust,,,,,,,
"뭐만하면 극우래ㅋㄲㄱㅋ 자기보다 사상이 조금만 오른쪽이면 다 극우냐? 저기 저 양반들이 개노답이고 극우지, 무슨 나라국민 절반은 극우로만들기세ㅋㅋㅋㅋ 그렇게따지면 문재인은 극좌 빨갱이였어ㅋㅋㅋㅋ",angry,,,,,,,
뉴스타파 덕분에 요즘은 뉴스봅니다 왜곡 되지않은 진정한 언론사 감사하고 응원합니다 살맛나는 대한민국 만들어 주세요,happiness,,,,,,,
베트콩인지 아닌지 알 수가 없잖아,neutral,,,,,,,
군대근처에도 안가본것들이 매번 저런 소리한다,neutral,,,,,,,
저긴 승전국인데요?,neutral,,,,,,,
점령이라는 단어가 거슬리는 사람 있나보네. 나도 점령을 부정적으로 썼다면 거슬리겠지만 그렇게 안보임. 북위 38도이남 공산군이 주둔한 조선지역 점령으로 읽히는데? 종북몰이 지겹고 한심하다 ㅉㅉ,angry,,,,,,,
한심한건 니 머릿속이고. 쥐뿔 모르면 아닥이나 하고 있던가. 뉴스타파를 비롯한 좌빨 역사가들이 미국의 '점령' 이라고 표현하면서 반미사상 주입시키는데 앞장서는 인간들이잖아. 입털기 전에 좀 생각좀 하고 털자 ㅇㅋ?,angry,,,,,,,
뉴스타파든 누구든 누가 북한 좋아하냐. 종북세력이 있다쳐도 누가 거기에 선동 당해서 체제경쟁에 뒤쳐진 북한 공산당으로 바꾸고 싶어하냐고. 메신저가 문제가 아니라 니 머리속이 문제라고. 한심하네 진짜.,disgust,,,,,,,
메신저가 이래서 중요하지. 일반적인 매체가 이런 기사를 썻으면 그러려니 하는데 하필 뉴스타파가 쓰니까 색안경을 쓰고 볼수밖에 없는거..,neutral,,,,,,,
일본 대사관에서 돈 주나 계좌추적해야 할 듯.. 돈없이는 절대 움직이는 조직이 아닌지라,neutral,,,,,,,
"그리고 다문화를 한다해도 한국사회에 잠재적위협이 될수있는 출신들은 대한민국에 들여서는 안된다. 대표적인 예가 중화인민공하국, 이슬람권국가들이다. 그 이유는 여러분이 더 잘 아실것이다",neutral,,,,,,,
다문화가정 차별하지 말라기전에 지원이나 멈춰. 대한민국에서 사회구성원으로 똑같이 살아가는건데 왜 지원금과 혜택을 주지? 장애인도 아니고 사회적 약자도 아닌데. 특혜는 좋고 시선은 불편해? 그게 특권층이고 차별당하는건 국민들인데.,angry,,,,,,,
우리가 일본처럼 착취를했나 아님 일부러 끔찍한짓을했나. 전쟁에 끌려가서 살자고 싸운것인대 뭐해달라는건지.,neutral,,,,,,,
누가 페미 하지말라함? 기본적으로 페미들은 피해의식이 오짐,disgust,,,,,,,
보험 수련자는 자식들이겠지..상속..!!!!…지방양아치들 놀이터 된지 오래다..제발 없애라…!!!,angry,,,,,,,
"지들이 이렇게 알아서 정권의 개가 되기를 희망하니까 정권잡은 것들한테 개무시 당하는거지. 누가 알아서 납작 엎드리는 인간을 대우하고 인정하겠는가. 그저 꼬랑지 흔드는 개로 볼수밖에. 지들이 개같이 행동하고 개취급 받는다고 왕왕 짖어대는 꼴이다. 대체 전국 총경들 왜 성명 발표하고 대통령집무실 앞으로 국화 보내고 하는가? 개짓하는 것들한테 개집지어주겠다고 하는데, 경찰국 신설 자체가 니들이 자초한거다.",angry,,,,,,,
일단 갔다오고 얘기하라니까 ㅋㅋㅋ 뭔 6.25때 참전하신분들이랑 지들을 동일선상에두고있냐? 차라리 그때 참전하신 여성분들이 페미니스트면 난 120퍼 이해한다 ㅋㅋㅋㅋ 집에서 누워서 감자칩먹고 배긁고있는년들이 뭔 군대 갔다와도 이딴소릴하고있어 ㅋㅋㅋㅋㅋ,disgust,,,,,,,
"참나, 군대복무할래? 위문편지쓸래? 둘 중하나 선택하라고 하면 남자들도 다 위문편지쓴다고 한다. 제발 좀 균형있는 시각을 갖고 글을 좀 써라. 꼬리가 몸통을 흔드는 우를 범하지 말아라.",angry,,,,,,,
대려가서 키우던가 아님 이웃들한테 양해를 구하던가 밥주려면 자기집앞에서 주던가 온갖 민폐는 다 저지르는주제에 혼자 고귀한척 꼴값은 다 떨어요,angry,,,,,,,
아니야 너같은것들이 버리는거야! 애초에 책임감없고 생명을 하찮게 여기는것들이 여러가지 우연이든 그때 사정이든 한때 호감이던 그렇게 키우다가 버리는거야! 솔직히 개념없는 일부 캣맘들 나도 비호감이지만 그들은 적어도 고양이를 버리지는 않아!,angry,,,,,,,
"인간들아 니들이 키우다 버려서 다들 길고양이가 된거야.. 휴가철에 놀러가서 버리는 인간들 수두룩.. 중성화 시켜 번식을 막고 위생적인 환경 만들어주면 니들한테 가지도 않어. 나비탕이니 뭐니 하는 장신병자들, 죽이자는 잠재적 살인마들 니네 신고때리고간다ㅎㅎ 동물도 살권리가 있다 니들도 사는데 ㅎㅎ",angry,,,,,,,
풉. 그런 유기동물을 동물 싫어하는 사람이 버리겠냐? 다 너희같이 애견인입네 애묘인입네 하는 녀석들이 버린거야. 어디다 원인을 따지고 자빠져있나?,angry,,,,,,,
1차원적인 생각만 하고 도와줌 ㅋㅋ 그게 k깨시민임 그로인한 사회적피해는 고려안함,angry,,,,,,,
좋은글,happiness,,,,,,,
쥴리가 대통령 맞네,disgust,,,,,,,
전자팔찌와 전자발찌를 착용시켜 365일 24시간의 움직음을 모니터하고 게시합시다,angry,,,,,,,
사악하다.,angry,,,,,,,
"고양이 목에 생선을 걸어 둔 꼴이 아닌가? 누가 누굴 감시해야 하나? 내가 보기에는 그넘이 그넘이고, 한결같이 도둑넘들인데.. 입만 벌리면 국민을 위한 다꼬 핏대세우는 인간 나부랑이치고, 실천하는 사람은 극히 일부분이다. 이젠 쫌 뜯어 고치다. 사기정치인에 쏙꼬, 그걸 감시하라꼬 새금주니 더 큰 도둑되고.. 원래 그런 것인가. 뷸협화음이 없는 지방정부가 수상하다?",surprise,,,,,,,
은혜로교회... 교회 아닙니다... 성도들의 피눈물과 노동을 이용하는 사이비단체입니다!!!,angry,,,,,,,
짝퉁교회에 정신이 매수된거지~~~... .. . .. 설립자를 포함해 .... ... 저교회는 매장되어야한다... .... .. 설립자를 포함해서 교회활동은 활동 못하게 모두 보호관찰 해야한다~!!!,disgust,,,,,,,
뉴스 타파 정기 후원합시다. 조중동 사이비 언론을 몰아 냅시다.,angry,,,,,,,
사이비당 짝궁 조선 동아네 교회 샤머니즘 아무말로 무급노예 현금지급기 표밭으로 쓰기 딱 좋지 무식한 노인들은 더 쉽고,disgust,,,,,,,
이시대의 최악의 악마언론 ㅈ중동 매국조작일보. 언론계의 이단아.,disgust,,,,,,,
조중동은 돈만 준다면 살인자를 위한 광고도 한다는것?,angry,,,,,,,
엇따~ 님이 귓싸대기 찰지게 훌배네 ㅡ 뚱열이 무당년 법사시키들 조충동 검사 모피아 여야 세비도적들 모다놓고 서로서로 쳐갈기기 해대면 최고로 볼만할끼야 ㅡ,disgust,,,,,,,
교회에 이단이 어딧노 개독 자체가 이단인데.,disgust,,,,,,,
조중동 폐간 나라가 온갖 무속과 광신도와 극우 유튜버로 대환장파티네.,surprise,,,,,,,
역시 뿌리를 속이지 못하는 굥정권,disgust,,,,,,,
사이비 언론과 사이비의 콜라보!!! 한국의 암적 존재들은 역시 통한다,angry,,,,,,,
이판결 판례가 의료사고로 피해본 피해자분들에게는 안좋은 판례가 되겠네요.식물인간이 된 피해자들는 법으로 보호 받기도 힘들지만 이기는것도 힘든건대,neutral,,,,,,,
그냥 여자 민노총 이지,disgust,,,,,,,
"박원순씨보다 더 나쁜 인간들이, 권력과 돈으로 사건을 은폐하고 깨끗한척하는 수구 쓰레기들이다. 박원순씨는 진심으로 부끄러워했기 때문에 극단적 선택이라도 했다. 박원순씨를 욕하는 쓰레기 인간들은, 입좀 닫고 부끄러운줄알아라. 이 정권은 권력이 비리와 범죄를 감싹고 있다는게, 당신 눈에는 안보이나? 박원순씨 팔지마라~ 쓰레기 보다 더 한 말종들도 대가리 처들고 사는게 작금의 현실이다~",angry,,,,,,,
박원순시앙 성추행 피해자에겐 어떤 도움과 연대를 하셨는지요?,neutral,,,,,,,
세상은 결코 약자의 편이 아니다 아산병원은 장경복씨를 책임져라,angry,,,,,,,
저판사 머받아 쳐묵었네 병원잘못했다 선고한후 공공의료를 말해야지 받아쳐묵었어 많이,angry,,,,,,,
문제가 많다..,sadness,,,,,,,
누군가 또 죽어야 바뀌려나... 물이라는 근원적인 문제를 방관하고 있으니... 나랏돈 빼먹을 생각에 혈안이 된 자들...,sadness,,,,,,,
머... 저런 기사쓰고 연봉 1억씩 받으니 충성충성하는거 아니겠니?,angry,,,,,,,
돈만주면 짐승도 떠받드는구나 조중동~!!,disgust,,,,,,,
농민들 자녀 손자들이 병들어 죽어가야 정신차릴지 4대강 보를 해체하라,angry,,,,,,,
온갖 패악질의 중심에 조중동과 친일 국힘당!,angry,,,,,,,
아산병원 양아치들이야 ㅠ,sadness,,,,,,,
역시 의사집단의 파워,surprise,,,,,,,
윤이 문제가 아니고 국짐당이 문제인 것을 모르는 소리. 역사이래 두고두고 문제덩어리 국짐당 아니던가? 심지어 차떼기에ㅣ북풍을 일으킬 정도의 재력가들이 즐비하게 늘어져 있다.,disgust,,,,,,,
이딴 쓰레기같은 것 좀 그만해라 나라에 도움 하나도 안 되는 성평등을 볼모로 잡고 비혼여성 지원이나 하고 앉아있으니 ㅉㅉ 혼자 살든 둘이 살든 관심 없는데 니들 돈으로 알아서해라,angry,,,,,,,
비혼 꼭 하세요 제발 공동체애서 탈출하지 마시구여 꼭이요!!,neutral,,,,,,,
"비혼이 왜 이기적인건가? 윗세대처럼 결혼해서 노예해줘야 하는데 안해줘서? 출생율이 낮은게 왜 여자탓이지? 남자탓은 어디로가고 여자탓만 하는지. 그렇게 걱정되면 직접 낳든지 요즘 기술 좋음. 임신수 가능^^ 지하철 임산부석도 엄청 부러워하던데, 직접 낳으면 앉을 수 있겠다!",neutral,,,,,,,
너를 존중한다..조주빈도 존중한다..,neutral,,,,,,,
과실 인정했던 병원이 이제는 아니라고 환자에게 비용 청구한다. 에라 이 ?? ?? 들아~~ 이걸 용인하는 판새들 이 지구에서 나가거라,angry,,,,,,,
세금도둑들이지,angry,,,,,,,
페미니스트라면서 그 어떤 집단보다 여혐에 앞장서고 여혐에 진심인 남자 동성애자 권리 대신 챙겨주는 여자들은 진짜 비정상이긴 하지. 본인이 자학하는 건 자기 선택인데 본인 행동으로 다른 여성의 인권까지 멘틀에 처박으면서 스스로 페미니스트라고 자처하는 건 그냥 나가 디G세요 라고 말하고 싶다,angry,,,,,,,
"수억,수십억,수백억을 해먹는 것들에겐 무관심하고 800원에 법의 잣대를 가져다 대는 기득권...개돼지들은 그냥 열심히 노동력 제공하며 살지어다..어디다 불만을 제기하는가....",sadness,,,,,,,
원숭이 두창도 그렇고 뻔히 통계가 증명하는데도 성소수자 권익이라는 자기들만의 정의에 빠져서 객관적인 자료를 무시해대는게 잘못된 행태 아닌가? 자기들끼리 답을 정해놓고 조사 결과는 다 거기에 끼워맞추는 행각을 자행하는것들이 다름아닌 깨어있다는 진보를 자처하는 집단이다.,angry,,,,,,,
"별 그지같은 기관 만들어 세금 잘도 해먹는구나. 양심있고 제대로 일하는 사람들은 피해보고, 도적들은 큰소리 치는 어이없는 세상이네!!!! 이거 다른 언론은 안 받나??",angry,,,,,,,
댓통을 처음 해보는 늠이라 이해하자니 5년이 50년 같다.,neutral,,,,,,,
어려울때 임금내려서 고통분담했으면 나아졌을때 다시 복구해줘야지ㅉㅉ,angry,,,,,,,
이게 주가조작? ㅋㅋㅋ 왜곡편집보도에 또 개돼지들 또 선동타겠군 개딸과 추천조작오지네 ㅋㅋㅋㅋ 내가입만열면 윤은 죽어라는 보도도 누수타파가 올렸다가 벌받았다메? ㅋㅋ,angry,,,,,,,
또 민주당 해줘충 나왔네 니 2찍었지?,disgust,,,,,,,
김건희 얘기하는데 민주당이 털릴게 더 많다는 놈은 뇌가 우동사리냐?,disgust,,,,,,,
"최순실,이명박이 억울하다 하겠어~ ㅋㅋ",neutral,,,,,,,
이번에도 국민이 들고 일어서야 할것 같습니다,neutral,,,,,,,
2500만원짜리 변기에서 박근혜의 천만원짜리 쓰레기통이 떠오른다.,neutral,,,,,,,
"부부사기단~ 과거엔 주식 사기쳤었고, 이번엔 나라를 등쳐먹을려고... 민주당은 뭐하냐? 탄핵안가고?",angry,,,,,,,
이뉴스가 왜 속보로 안뜨지???,neutral,,,,,,,
정신이 아픈건 감추고 숨겨야 할 일이 아닙니다! 근처 정신과는 항상 열려있으니 이런 혐오조장 글을 써재끼지말고 병원을 우선 가보실 수 있도록 응원하겠습니다!,happiness,,,,,,,
도둑년 이네,angry,,,,,,,
윤석열 선거법 위반이네 조사해서 기소해라,angry,,,,,,,
거짓정부 윤석열은 아무것도 하지말고 당장 내려와라,angry,,,,,,,
저도 동감합니다,happiness,,,,,,,
근데 막상 나라에 뭔 일이라도 나면 아~~무것도 안하던데? 한달 전 서울지역 수해 났을때 여자들이 뭘~했다라는 뉴스는 하나도 못봤음,neutral,,,,,,,
탄핵이다... 시민들이여 촛불을 들자 군대 고참인 30년 친구랑 전화 통화 했다 그사람 지역이 대구다. 내가 잘 뽑았네 대통령하니? 어디서 그딴게 나왔는지 부끄럽다고 말하드라... 쪽 팔리다고... 촛불 들때 서울 와서 촛불 든단다... 부끄러움을 안다는 사람이라면...,sadness,,,,,,,
이참에 끌어내버리자. 아주 지긋지긋하다.,angry,,,,,,,
대통령 당선 무효! 이제 멧돼지 사냥 &amp; 대통령 언니 사냥 갑시다!!!,disgust,,,,,,,
경상도 일은 신경쓰고 싶지않다. 니네들이 능력없는놈 뽑았으니 알아서해라. 경상것들아,disgust,,,,,,,
한마디로 썩은 대학이네...,sadness,,,,,,,
조선 현장직 하청노동자들 업무강도 상상도 못할거다~더위피할곳 없이 철판이 달궈진 찜통 배안에서 4인 3인가족 200받고 살수있는 사람있음 나와봐~ 30%8삭감임금 원복 요구가 무리한거였어? 불법투쟁이기전에 왜 이런 선택지 까지 몰렸는지? 우리 국민의 약소층이 왜 이런 선택을 했는지 적어도 대통령이라면 생각해봐야지 머저리같은 100일성과???에라이 퉤~~허리도 못펴는 철창안에들어가 용접하고 그렇게까지 왜하고 있는지 한번이라도 생각해봤냐?대기업 감세 정책 펴는거 좋다이거야 평민들도 국민이다 OOO들아,angry,,,,,,,
사회쓰레기는 급식소에서 살 수 있도록 해야!,angry,,,,,,,
기업한테는 이렇게 못하지 ㅋㅋㅋ,angry,,,,,,,
자유민주주의체제에서 모여서 으쌰으쌰 좋다. 아픔을 감추지 않고 당당하게 사는 모습 보기 좋다. 다만 건강하게 활동했으면 한다. 그 무리에 있으면서 이상한 사상 발전 안 시켰으면 한다. 엄연히 조현을 포함 기타 아픔에 의한 말과 행동이 그렇지 않은 사람에게 피해를 줄 때가 있다. 부디 남에게 피해를 주지 않는 선에서 힘내시길~,neutral,,,,,,,
오. 그럼할수있는 희망은있는거네요? 그럼시간지체 하지말고. 속도 높여서 수사 하길 바라요. 민주당 의원님들. 희망이있어. 그나마 위안이 되네요? ㅎㅎ 가자가자. 화이팅.!!,happiness,,,,,,,
되게 신기한게 문재인 정부때 잠잠하다가 요즘에 서울시의회 앞에서 천막치고 뭐 막 하더라?? 너무 신기하지 않나?,neutral,,,,,,,
영부인도 감옥 가는 아름다운 선례 한번 만들어보자. 박근혜 대통령 탄핵시키고 감옥 보냈는데 멤버유지 따위야,neutral,,,,,,,
"주작조작, 학력 경력위조의 달인 김거니 영부인. 남편길들이기 달인으로 영부인 자리까지 오른 희대의 퍼스트레이디 ... 로 영화 제작 한 번 해주세요.",disgust,,,,,,,
양진호는 모범택시가 답이다.,neutral,,,,,,,
완전 도둑X이 여사라는 칭호로 설치니 홧병날 지경이다 우리 국민들 자존심은 얼마나 밑바닥으로 내팽개쳐지는지 아랑곳하지 않는다 기가막힌 현실을 살아가고있다,disgust,,,,,,,
공정과상식이라더니 윤가놈 하고 한동후이하고 거니하고 깜빵처넣어라,angry,,,,,,,
일반적인 사례가 아닌 드문 범죄사례인데...왜 대한민국은 항상 일부분의 범죄사례를 일반화해서 범죄자에게 책임을 물어야 할 상황에 사회구성원 모두에게 책임지라고 하는가...그게 더 보상이 크기 때문인가,neutral,,,,,,,
삿갓봉 정상석 사라졌는데 다시 복원됐고 한봉 정상석 사라진지 오래됨. 잡아서 엄벌 필요함니다.,angry,,,,,,,
짱깨임 ? 이유가 뭐야 ?,disgust,,,,,,,
허균과 허난설헌에 관심 많아진 중년입니다 난설헌 시집도 샀는데 일반적인 시가 시인들의 경험과 자신의 시각에서 써지는데 난설헌시는 단편소설 이더군요 다른 인물의 시각에서 감정이입되어 써져있는것이 동생의 작품과 맥이 같았습니다 정말 획기적이고 놀라왔습니다 재평가받고 한번 영화나 드라마로 만들어지길 기대해봅니다 잘 읽었습니다 사볼께요,happiness,,,,,,,
빽박증거???? ㅋㅋㅋㅋㅋ 웃고간다~!!! 웃음주어 고맙구~!!! ㅎㅎㅎㅎ,happiness,,,,,,,
와 나라가 사이비 도사 말 한마디에 좌지우지 되는게 말이되냐?? 진짜 왜 천공이 했던 말대로 다되는건데 미치겠네 진짜,angry,,,,,,,
"서방은 우크라이나 에 전략핵 보급해야한다. . 러시아발 핵전쟁, 3차세계대전 막으려면 꼭 우크라이나에 핵 준비해야한다.",neutral,,,,,,,
"해임건의안 거부했다고 '사과'하라는 더듬당, 지들은 절대하지 않는 사과 만날 하래~ 총선 포기함??ㅋㅋㅋ",disgust,,,,,,,
이 멍충아,disgust,,,,,,,
굥은 호미로 막을 일을 가래로 막는 것이다. 닉슨도 도청 사건을 초기에 사과했으면 하야까지는 안갔다. 굥이 탄핵을 재촉하는 짓이다.,disgust,,,,,,,
2찍들아 보람되니??? 저런거 대통령 만들어서 나라가 절단나고 있는데....어째 니들 아파트 값은 좀 올랐니???,disgust,,,,,,,
KBS시사직격봤는데 이건 한나라의 대통령실이 아니다. 룰은 지키지도않고 하고 싶은대로 맘대로하고 정상이 아니다.뭘 하나라도 제대로가없다..이런 사람들이 뭔 날이면 날마다 공정과법만 외쳤노.정치는 완전 실종 상태고 정말 국격 떨어진다~,angry,,,,,,,
새겨 들어라,neutral,,,,,,,
와 하나캐니 줄줄이네,surprise,,,,,,,
뭐긴 뭐냐...우한폐렴으로 중국 공장 다 문닫아서 그동안 몇년간 맑은거지...중국도 지금 폐쇄되는 지역 빼고는 공장 풀 가동하니 당연히 옛날처럼 중국발 중금속 미세먼지가 넘어오는거지....진짜 깨어있다는 놈들은 이런거에 절대 시위 안하지 ㅋㅋㅋㅋㅋㅋ,neutral,,,,,,,
가난한 서민들은 더 가난해지고 부자들은 더 부자되는 나라.,sadness,,,,,,,
쥐o럴도 풍년이네~ㅉㅉㅉ,angry,,,,,,,
진짜 저것들은 제정신이 아님이 틀림없다 소름끼치도록 싫은 민주당패거리들,disgust,,,,,,,
정말 가증스럽다 인간으로 태어나 인간으로서 하면 안되는 짓을 해놓고 부디 하늘의 벌을 받길,disgust,,,,,,,
법카를 쓰든 주가 조작을 하든 그게 뭐냐고 국회위원 들이 얘기하는 그 애지중지 하는 국민은 죽을판인데. 국민을 팔꺼면 제발 살려놓고는 팔아아지ㅅㅂ,angry,,,,,,,
니놈 주둥이가 천박의 극치면서 ㅋ,disgust,,,,,,,
발뺌하기 바쁜 세상인데 오랜만에 본인의 맡은바 책임을 다하는 사람을 보았다,happiness,,,,,,,
달도 차면 기우는건 세상의 이치다.,neutral,,,,,,,
예금 금리도 매일 오른다. 대부분 4% 넘었고 4.9% 넘는 예금도 이미 나왔다. 연말되면 6% 갈수도 있다. 예금금리가 이 정도면 대출금리는 얼마 가겠냐? 말 안해도 알겠지? 대출받은거 빨리 갚아라. 거지된다,neutral,,,,,,,
실수라생각하여 미안하다 하면 끝날문제였다...그러나 지금은 사과로 끝낼 문제가 아니다..그냥 자리에서 내려와라 무식한게 다 탄로났고 국민을 개돼지로보는 인간성은 바닥을쳤으니 내려와라..어쩌면 근혜보다 더 못할수가있냐?앞으론 대통령도 시험보자 듣기평가,angry,,,,,,,
나 우파인데요 윤석열 찍었어요 근데요 권성동 좀 없애주세요 제발,angry,,,,,,,
당연한거아닌가? 연쇄이동이 얼마나많은데.,neutral,,,,,,,
"포르말린에 절여져 후세에 눈요기감되거라. 파라오들은 수천년동안 치욕을 피했는데, 네들은 매년 쪽팔리겠다.",angry,,,,,,,
국방부 건물 누가쓰나 그렇게 큰건물이 대통령집무실이라고 뭐한다고 그 큰 건물을 다쓰냐. 일도하지 못하는 인간이 건방만 늘어 폼만잡고있네 ~~바이든 쪽팔려~~,angry,,,,,,,
삼성전자가 도시바처럼될카바 너무걱정된다 윤석열의 책임이고.이재용 무능함의 결과라고 생각한다,angry,,,,,,,
미친 푸틀러 그 곳에 나타나면 융단폭격해라.,disgust,,,,,,,
저것들의실체가 만천하에 다 드러나야한다,angry,,,,,,,
경창들은 개눈박이들이냐? 대충 현장만 둘러보아도 상황을 짐작할수 있는거 아닌가?,angry,,,,,,,
얼빠진 자,disgust,,,,,,,
가장 중요한 것 전라도 도 +,disgust,,,,,,,
더불어공산당 = 성추행ㆍ강간ㆍ간통ㆍ자살ㆍ친중ㆍ친북ㆍ종북ㆍ내로남불ㆍ허구한날 인권 타령ㆍ평화 타령ㆍ공산주의 신봉.,disgust,,,,,,,
빨강색 2번찍은 불효자식,disgust,,,,,,,
더불어 민주당은 하지도 않은 말을 옮겨 가짜뉴스 생산한 언론사와 결탁해 대한민국을 다 뒤집어 놓고 세상에 듵을수있는 쌍욕은 다 듣게 해놓고 대통령한테 사과하라 사과하면 끝 날 일이다 애걸복걸인가 왜 대통령에게 해지를 하라는 건지 더불당과 엠비씨 일이 너무 커졌고 너무 멀리 갔지? 그러니 얼마나 두렵겠니 안하무인 경거망동 하더니 이제부터 차례로 그 책임을 묻지 않을수 없지 기다려라 니들이 얼마나 개차반이었는지 곧 깨달을 테니 .,angry,,,,,,,
정말 흐뭇한 미소를 짓게 하는 기사입니다. 착한일을 한 당신을 칭찬합니다~^^,happiness,,,,,,,
그래서 대기업 감세 부자감세 ㅎㅎ 조심하세요 현대가 거니가 사기칩니다,angry,,,,,,,
테러하려고 한거 같은데ㆍㆍㆍ이들을 국문으로 조져서 배후를 케야한다 ㆍ,angry,,,,,,,
윤석열도 문제지만 대통령실 보좌진은 뭐하냐? 아무리 고집불통 독불장군이라도 옆에서 바른소리를 해야지. 아첨이나 떨고 있나? 어쩜 사람이 갈수록 더 가관이냐? 이젠 바닥이 어딘지 끝이 있는지 가늠하기도 힘들다.,disgust,,,,,,,
우크라이나 화이팅 화이팅 하세요,happiness,,,,,,,
아 내돈 설아수 두박스 날아갔네 어쩐지 무지 싸다했네 얼마나 많은 사람들이 당했을꼬ㅜㅜ,sadness,,,,,,,
복 많이 받으실겁니다. 간만에 따뜻한 기사네요 ^^,happiness,,,,,,,
상테부르크쪽으로 쳐들어가면 거저 먹겠구나 ㅎㅎ 푸틴 엿먹여보자 ㅋ,neutral,,,,,,,
오늘 내가 만난 60대 진상아저씨가 딱 저렇게 생김. 사과도 안하고 한대 쳐맞아야 미안하다 하려나. 술은 매일 마시고 무늬만 부부고 교양이라곤 일도없는.,neutral,,,,,,,
범죄를 민주화 해버렸땅께,disgust,,,,,,,
지옥에나 떨어져라 살인마야,angry,,,,,,,
전과17범이 어떻게 미국을 갔을까?,surprise,,,,,,,
ㅋㅋ...바보 아님? 차라리 문재인을 스토킹하든지...찐 바보네.,neutral,,,,,,,
문재인 똥 오만곳에 많이도 쌌다,disgust,,,,,,,
"사헝시켜라,그게. 자비다",angry,,,,,,,
그넘의 비명타령은 한달내내 경매넘어가면 되겠지,neutral,,,,,,,
공중분해시켜라. 저런 암덩이들 제거하는 방법은 숙주를 없에는 방법 뿐.,angry,,,,,,,
실체가 드러낸다. 궁지에 몰린 윤대통의 쥐구멍 작전극우로의 전향 햔 몸 인 듯.,angry,,,,,,,
스토커 것도 할달씩이나 완전 범죄자네요 엄중 처벌해야 합니다 열린공감 TV,angry,,,,,,,
민심 같은 소리하고 있내 니네때는 더 했잖아,angry,,,,,,,
러시아를 보면 전라도를 보는거 같다.전과 4범을 옹호하는것과 뭐가 다른가,disgust,,,,,,,
선방했다네 ㅋㅋㅋㅋㅋㅋ,surprise,,,,,,,
니를 짜를수 없어 대신 짜르자는거야 주첵없이 호둘갑 떨지말고 사과나 해 한심한 인간아,disgust,,,,,,,
길고양이들한테 밥주니까 뱀을 안잡지 밥주지마,neutral,,,,,,,
재앙이 ㅉㅉ,disgust,,,,,,,
합병된 영토 건드리면 핵쓰겠다 이말이네,neutral,,,,,,,
이러다 나라망한다 빨리 내려오는게답이다 윤석열대꼴통령님! 난분명 대령했나이다라고 말했지 말입니다! 대통령한테 대꼴통이라고 말하겠습니까?,angry,,,,,,,
역시 찢~ 찢어주는구나 최하 무기징역은 면하기 힘들듯,disgust,,,,,,,
안규백의원은 국민의 알권리가 아니라 북한 잠수함에게 알리고 싶었던 거겠지...대잠룬련 장소와 시간을...북한의 민주화단체가 민주당을 싫어하는데는 이유가 있지,neutral,,,,,,,
예전에... 노무현 전대통령님 시절의 민주당이 아님....,sadness,,,,,,,
내년 상반기 까지 서울강남포함 전국 아파트값이 현재 근거없는 웃기는 똥거품 호가의 1/3~1/4 토막 난다는건 이분야 관련된 사람들은 이미 다 알고있는 사실이란다...정신들 좀 차려라,sadness,,,,,,,
유승민만 아니면 된다. 철수든 기현이든 상관없어. 유승민 날리고 국민의힘 공중분해 가즈아~,happiness,,,,,,,
무고죄로 맞고소해라 mbc야,neutral,,,,,,,
진짜 쓰레기들이 따로없다...,disgust,,,,,,,
최저시급 겨우주면서 일은 시간당 5마넌씩 시키니깐 도망가지,neutral,,,,,,,
범죄조국 옹호한 좌파 류시민도 찢죄명부부 돈미향도 빨리 구속 집어넣길요..!!!!! 세상이 이제 점점 제자리 찾아 돌아오는 느낌이 든다.,happiness,,,,,,,
"욕하는 대통령 , 주가조작 김여사, 과거에 은행 거져 넘겨서 세금 날린 총리는 어떻게 해야 되요?",neutral,,,,,,,
파이팅 이제 대한민국 정상화로 첫발을 시작하는군요 지긋지긋 좌파 빨갱이. 시대는 죽었고...,happiness,,,,,,,
.정신이 온전하지 못한 김문수를 데려왔네,neutral,,,,,,,
이재명의 민주당 응원합니다.,happiness,,,,,,,
오만한건 너네 민주당이지 하찮은것들,disgust,,,,,,,
에라이 문디 자슥 푸르틴놈. 중세시대에도 그렇게 땅편입을 안 시켰겠다. 핵 가지고 있다고 무력으로 땅 거저 먹으려는 거 보소. 니는 곱게 못 죽겠다.,angry,,,,,,,
하하하 이제 알겠냐? 아직도 모르겠지? 굥의 저대가리론 절대 공정과 상식 모른다. 뭐든지 강압과 무력이 공정과 상식이라 생각한다. 이참에 탄핵으로 가즈아~~~,happiness,,,,,,,
남의 영토 차지하고 먼 협상을 해 러시아는 지구에서 제외하자. 모든 걸 봉쇄하고 지구상에 없는걸로,neutral,,,,,,,
일면식도 없다는데 지나가다 당하는 묻지마 강력범죄 너무 무섭네요. 누구나 피해자가 될 수 있는 상황이니 조심할수도 없고 속상해요. 피해자 분 빨리 쾌차 하시길 바랍니다.,sadness,,,,,,,
꼴깝이다.,surprise,,,,,,,
"재판을 너무 질질 끄는군요. 조민 입학 취소 된게 언제인데 아직까지 1심 진행하고 있습니다. 법은 공정하게 적용해야죠. 정유라는 대학, 고교 학위까지 박탈 당하고 중졸되었습니다. 그런데 정유라는 승마 잘하고 아시안게임에서 금메달을 딴 실제 체육특기생으로 뽑히기에 아무런 문제도 없었습니다. 그리고 체육특기생 중에 제대로 출석하는 운동 선수는 없었습니다. 그러나 특기생이고 메달따소 순위권 들면서 학교 홍보를 해주니 우리 사회 모두 알면서 그냥 이해했던건데 법원에서는 1년도 안되서 학위 취소시켰죠. 법원의 공정해야 합니닼",neutral,,,,,,,
그래 이제 전쟁 끝내라,neutral,,,,,,,
"MBC, PD수첩, 민주당 ... 역시",disgust,,,,,,,
우기니까 날리면이 되는구나 이런게 세상일세,surprise,,,,,,,
푸틴을 멸하라.제발 멸하라. 악마의 화신이다.,disgust,,,,,,,
버핏 말 들으면 안된다. 버핏은 돈이 많으니 물량 공세 가능하고 주가가 하락해도 돈이 많으니 계속 매수해서 평단가라도 어느 정도 맞추지. 근데 개미들 대부분이 그게 가능하남?,neutral,,,,,,,
윤석열이 만들어가는 검찰공화국은 군사독재보다 더 염치도 없이 그냥 뻔뻔함의 극치를 보여주는구나!,disgust,,,,,,,
남자가 보살이군요..,neutral,,,,,,,
대한민국에 국짐은 존재가 참사야.,disgust,,,,,,,
짝퉁 김정은 10윌은 제명되는 달이네 ㆍ이제 진짜 백수되는구나 ㆍ너나 걱정해라 ㆍ민주당 기어들어갈건지 평론가할건지 선택해야지 ㆍ,disgust,,,,,,,
게녀은이,disgust,,,,,,,
가족보니 좋죠~ 그래도 소독 꼭하고 마스크하고 보셔요~ 실내니까 조심해야죠~,happiness,,,,,,,
당신만 없으면 돼,disgust,,,,,,,
뭐하는 것인지 몰겠네,surprise,,,,,,,
그대도 아베처럼 될수있습니다. 바른 법치 바랍니다,neutral,,,,,,,
전쟁이나 빨리 끝나야 핑게될게 없지,neutral,,,,,,,
다시 독재와 전쟁의 시대가 오나보다 우리나라도 독재를 원하는 사람들이 많아졌다. 여야 없이 같은 인물이 우두머리에 있는거 보면 남일 같지 않다.,neutral,,,,,,,
이제 민주당 비리 범죄자들 하나하나 학교 가겠네 . 죄명이는 거기서도 대표하면 되겠다. 옆방에 죄인이도 드가고.,disgust,,,,,,,
유시민이 증거라 잘보관해뒀다 했다 그러니 증거로 하는거 불만없어야지,neutral,,,,,,,
ㅋㅋㅋㅋ 아고 ㅂ ㅐ짼다 ㅂ ㅐ째 꼭 누구말따라하는거 같네 우리나라가 언제부터 조 ㅏ파가 정치 베테랑이였냐 정치고 나라고 뭐고 보수가 건립했는데 그래서 조 ㅏ파 아마추어는 찍으면 안된다는거~~~~~~,disgust,,,,,,,
코메디언 출신 아마추어 정치지도자의 오판으로 국토를 빼앗기고 국민들은 도륙당하고...산업기반 시설은 황폐화되고...되도 않는 호기 부리다가 얻은 게 도대체 무엇인지...,sadness,,,,,,,
거니때문에 더지지율바닥 오늘뉴스에는 장모주가조직 떴는데 참 한심하다,sadness,,,,,,,
전동킥보드 사용자 신원 철저히 사용 2인 탑승금지 미성년자 사용 제한 운전면허 확인후대여가능,neutral,,,,,,,
다친사람 없어 천만 만만 다행입니다. 멀티탭 조심하세요~ 싼거 쓰지 말고!,neutral,,,,,,,
날리면 ㅋㅋㅋㅋㅋㅋㅋㅋ 초딩도 바이든으로 들었는데 뭐하는거지 장난치냐,angry,,,,,,,
적당히 깍아줘야지 1프로 대출이면 영혼을다해 대출받고 적금만 들어도 수익나네 ㄷㄷㄷ,surprise,,,,,,,
이재명. 인천서 거주하는지요. 그것도 조사하세요. 부인이랑 살고있는지. 그것도 궁금한데 그것은 안하는지요,neutral,,,,,,,
모든 물가가 오르면 국민들 다 죽으라는것 아닌가요? 직장인들 월급은 오르지 않고 물가들은 다 오르고 전기세.가스비 오르면 이건 국민들 죽으라는 것 아닙니까? 나라가 망하고 있다는 징조이네요,angry,,,,,,,
사진에서만 봐도 주도권은 김건희가 가지고있네ㅋㅋ석열이 뭐하누?,disgust,,,,,,,
푸틴=김정은,angry,,,,,,,
"탄핵, 안 탄핵. 이런걸 떠나서ㆍ이제 석열이는 국민적 신뢰를 잃은것 같다?전국민이 보는 앞에서, 방금 한 말을 부정하는 새빨간 거짓말을 했거든?이게 중요하다는 거다?진보, 보수 떠니서ㆍ이놈의 바닥을 보았다?이제 석열이 입에서 나온 어떤말도, 먹히지않는다..",angry,,,,,,,
문찐삥스런넘,disgust,,,,,,,
"저렇게 의무가 없는데도 불구하고 자랑스럽게 자진 입대했다가 자대 배치 군복무 시작하면서 군내부의 행정이 군내규 군법대로 행해지지 않는 부조리, 를 보면서 아~~ 내가 미친 군대 왔구나~~ 후회하는 교포 및 영주권자들 수두룩 할것입니다. 병무청은 그런 사람들의 병영생활 문제점 소원수리에 적극적인 개입과 참여 관리가 절실합니다!",sadness,,,,,,,
굥도리 저자리 올라가고는 나라가 넝마가 됐네...너덜너덜,disgust,,,,,,,
최초의 미스코리아급 영부인이 아니라 최초의 인조인간 영부인이지. 최초의 ㅊㄴ출신이기도 하고.,disgust,,,,,,,
푸틴 진짜 대단하다.. 드디어 뺐고 마네.,surprise,,,,,,,
더듬당은 입다물라 5년동안 지겨웠다 내로남불당,disgust,,,,,,,
별짓을다하고있네. 아무나제보하면 스토커짓해도돼냐? 방송국이나 기자들 저런짓거리 처벌해라. 국민보호하는 일열심히하면되지 뒤캐고 약점캐서 탄핵한다어쩐다. 정말 상스럽고 더러운민주당스럽다,disgust,,,,,,,
훈훈하다,happiness,,,,,,,
헐~~이게 뭐하는 짓인지 잘못봤나 나라꼴 잘돌아간다ㅜㅜ,sadness,,,,,,,
뒤에 안철수 아닌가? ㅋㅋ 기자가 개무시했네 ㅋㅋ,neutral,,,,,,,
잘못을 잘못으로 인식하지 못하는자는 독재자일뿐이다,neutral,,,,,,,
건희여사 예쁘네.,happiness,,,,,,,
가족예능들 다 좀 없앴으면....도움되는게 없음.,sadness,,,,,,,
내일은 또 무슨 일이 벌어질까.,neutral,,,,,,,
왜 사회적 소수자냐? 동성애자라고 써라 동성애를 동성애자라고 쓰지 않고 왜곡하는 교과서 당장 폐기하라 쓰레기 교과서 폐기하라,angry,,,,,,,
"자 이제 반복학습 하겠습니다, 다음총선에서 국짐당 뽑으면 뭐다?",disgust,,,,,,,
지금 세금을 올리면 물가가 더오르지... 으이구 -_-,angry,,,,,,,
지금은 의회폭거고 거대야당의 횡포라면서 19년전엔 “해임안 통과는 자유민주적 기본질서의 승리” “법치주의에 입각한 국민의 엄중한 심판을 겸허히 받아들여야 한다”라고 한거였어?,surprise,,,,,,,
내 월급빼고 다 오르네 ㅠㅠ,sadness,,,,,,,
문재앙의 완벽한 파멸 세팅,disgust,,,,,,,
러시아는 이미 망함,neutral,,,,,,,
"정권에 압박이 우리 일반 시민은 느끼지 못한 파워 일지라도~ 굻하지 말고,여야를 떠나 제대로~그리고 MBC 응원합니다!!!",happiness,,,,,,,
핵실험도 북한이 하고 장거리 미사일실험도 북한이 하고 도발도 북한이 하는데 한국을 욕하는 이유는 뭐지?,neutral,,,,,,,
근데 재클린 사진 보면서 노란옷 제작했을 거 생각하니 웃기다...,neutral,,,,,,,
거짓말을 거시기에 달고 사는 스브룰룐,angry,,,,,,,
외교참사 책임은 안지는게 무슨 여당이냐 ㅋ,angry,,,,,,,
이보세요~ 보수어르신~~당신들은 손주들 볼 자격들 없으세요!,disgust,,,,,,,
"《한동훈 ""따뜻한 법무행정"" 기조에…檢 '피해자지원 담당관' 복원》대검찰청이 인권정책관실에 피해자지원담당관을 복원해 설치하는 직제개편을 계획 중이다. 아울러 각 지역 검찰청에 비직제로 설치된 인권보호관을 정식 직제화할 방침도 세웠다. 한동훈 법무부 장관이 취임 때부터 내세운 ""국민의 인권을 보호하는 따뜻한 법무행정"" 기조에 발을 맞추는 것으로 보인다. ???????????????????? 역시~!!! 윤정부 파이팅!!! 범죄집단 민주당만 해체하면 모두가 따뜻하고 행복하게 살 수 있음!! 윤정부 파이팅!!!????",happiness,,,,,,,
열린 공감티비 뒤에는 더듬어당이 있다 있는 사실도 왜곡 하는자들인데 무슨짓인들 못할까?. 저자를 반드시 구속 시키고 그배후를 캐라 어데서 뒤를 봐주고 있는지?. 아마 찢을 믿고 저짓꺼리 하고 있을게다..,disgust,,,,,,,
연체를 해야 해당이 된다는게 말이 됩니까? 카드론까지 받아서 이자 갚는 사람들은 억울합니다.,surprise,,,,,,,
요즘 시대도 정복 전쟁이 가능하다니 ㅎㄷㄷ,sadness,,,,,,,
와 ㅋㅋㅋ 와 ㅋㅋ,surprise,,,,,,,
와 이렇게 해도 성공하네 ㄷㄷㄷ,surprise,,,,,,,
이럴때보면 경찰 행안부 간섭 받아도 쌀듯,neutral,,,,,,,
2찍 개돼지들 하고 나이 처먹고 사리분간 못하는 60살이상 세뇌틀 니들이 땜에 멸망하게 생겼다.,disgust,,,,,,,
화이팅!!힘내시고 이제부터라도 행복한 삶을 누리시기를~~,happiness,,,,,,,
ㄱ ㅐ 망신,angry,,,,,,,
내로남불. 전직 대통령 사저는 되고 왜 대통령 집무실은 안되나? 검찰 출신이 법해석도 맘대로고. 소통 한다고 세금 쓴 거 환수하고 싶다.,angry,,,,,,,
진짜 어디에서도 비리와돈과 권력에 빠지지 않는 조중동.개독교 이단광고로 배불리도고 언론사라는게 이젠 놀랍지도 않다.,disgust,,,,,,,
서결이를 뽑은 자들이 그 벌을 모두 받을지니...,disgust,,,,,,,
집나가 사는 대통령은 짤라라,angry,,,,,,,
그래~ 그래서 행안부 통제를 받아야되~ 뇌가 두부니까 간장이 조려 줘야지? 밥통들..,angry,,,,,,,
검개와 개경들이 맹목적인 충성경쟁을 하겠네 주인인 국민들은 인권유린에 눈물의 밤을 지새워야하고,angry,,,,,,,
그냥 탄핵해버려~~!!! 취임한지 석달도 안되었는데 지지율은 20%대... 하는 일 전부 국가를 시끄럽게 하고 국민의 안전과 인권을 무시하는 것들 뿐이다... 석달이 3년 같다~~ 하루빨리 끌어내리는 것이 민주주의 대한민국을 지키는 일이다,angry,,,,,,,
만나는 국민이 누구니? 구중궁궐이 아니라 구중빵카에 숨어서 ..국민이 무섭지?,angry,,,,,,,
고생 많으셨습니다. 처벌과 판결 궁금합니다.,neutral,,,,,,,
핵폐기물 방폐장 짓고 거기다 종합쇼핑몰 지어라 안전해서 안심하고 갈 수 있을거다 보수고객들이 넘쳐날거다,angry,,,,,,,
부산시 또는 경상도 또는 강남에 핵폐기물 저장소 만들면 되겟네 니들이 원했잔아 좋겠다,angry,,,,,,,
재판이 가해자에게 유리하게 되어 있다는 것을 알면서도 고치지 않는 사법부. 잘못되었다고 알려달라 하지만 검판사들은 자기들이 천룡인인 줄 알죠. 세상이 더 바뀌고 사법와 검찰의 권한을 빼앗아야 한다고 봅니다. 심도 있게 쓴 뉴스 잘 보았습니다. 기자님,neutral,,,,,,,
이건 남녀의 문제가 아니다 한민족 자체를 없애버리려는 매국노짓을 하는 좌파페미는 자멸하라,disgust,,,,,,,
진짜 하는짓이 치졸하고 수준떨어진다 ㅋㅋ,angry,,,,,,,
뉴스타파만이 진정한 언론 이다 응원합니다,happiness,,,,,,,
한심한 것들 지들에게 유리한건 도입하자 하고 지들에게 불리한건 쏙 빼놓고 흘리고 달콤한 사탕발림 으로 무마 하려는 개 수작,angry,,,,,,,
원전이 좋으면 찬성하는곳에 폐기물도 같이해라....단물만빼고 남한테 피해주냐?,angry,,,,,,,
정용진은 리스크 그자체네,neutral,,,,,,,
2030들 어짜피 일 안하는데?,disgust,,,,,,,
윤짜장 뽑아준 개돼지들 때문에 대기업들 하고싶은거 다하구만~~,disgust,,,,,,,
"왜 저런 말도안되는 짓거리를 하나 했더니 돈되는 장사였네...그래도 일말의 양심은 있었네... ""선거비용 가운데 강용석 후보 개인의 자산으로 충당한 돈은 64,574원이다.""",surprise,,,,,,,
"강용석이 하버드졸업후 업적들. 세바퀴출연, 도도맘과불륜, 가세연창립, 극우보수세력들을 위한 똥꼬쇼, 창립한 가세연으로 정치후원금 유용.하버드 사기기술과라도 전공하셨나아아아아~매력있어~부선이가 반하겠어~",disgust,,,,,,,
법무부장관,neutral,,,,,,,
금수만도 못한..,angry,,,,,,,
망연든 정신병자들 !!!,disgust,,,,,,,
문제는. 돈벌려고. 미국 용병돼서. 베트남인. 잔인하게 죽였다는거임,neutral,,,,,,,
많은 생각을 하게 해주는 글이네요 감명깊게 읽었습니다,happiness,,,,,,,
"괜찮아 대가리가 범죄자고 가족이 범죄조직이고 , 측근이 버쬐단체인데 신고 얼마면 무슨의미... 똥물에 뭘 담궈도 타않나니 그냥 다 해쳐먹어.. 신고도 맘대로하고",neutral,,,,,,,
"초두 전제-전쟁은 남자가 일으키고 피해는 여자와 아이들이 본다-랑 뒤가 안맞는 모순을 알기는 하는 지 모르겠네. 여자도 공격성 만렙이고 문화적으로 여자에게 허용된 범위의 공격수단과 피해자를 공격해 죽음에 이르게 하는 일은 비일비재하다. 성차별주의를 비판하려거든 여자를 선하고 비공격적인 것으로 규정하는 것을 지적해야지, 여자는 선하다는 전제하에 여자도 군인 할 수 있거든? 서로 돌보면서 살아야지? 라는 여성에게 부과된 돌봄노동 전제 강화하는 방향으로 결론 내리면 뭐 어쩌라는 거냐. 진짜 좌파페미는 모순을 견디기 위해 하는 건가.",angry,,,,,,,
페미는 위문편지를 여자만 쓰는건줄 아나보다. 애초에 위문편지랑 군복무랑 동일선상에서 성역할로보는게 페미의 지적능력의 한계이겠지.. 국민의 의무조차 이행안하면서 징징거리는 페미는 그냥 성별로 나눈 반사회적 집단이라고밖에 볼수없어,disgust,,,,,,,
모든 동식물도 암수 역활이 다르고 인간도 남녀가 같아질수 없는데 차별과 다름을 못받아 들이면 평생 불평만 하며 사는거지,neutral,,,,,,,
"경찰이 검찰 발이나핥아주는 개가 되었나 ? 하기야 옛날엔 경찰서장이 애송이 검사앞에서 "" 영감님,영감님 "" 해가면서 파리 발바닥 비비듯 굽실대던때도 있긴했었지...",disgust,,,,,,,
"말도 안되는 논리를 길게 늘여써놓으니 같은 페미조차 오지도 않고, 읽지도 않는 기사 ㅋㅋ 근데 이게 왜 언론사로 분류되고 네이버 뉴스에 나오는거냐?",angry,,,,,,,
18일 후속기사 꼭 보도해주시면 고맙겠습니다,happiness,,,,,,,
"애국한다면서 지워지지 않는 아픔을 가진 같은 동포를 공격하고,오히려 가해자를 추종하는 근본없는 것들...왜구의 피가 섞인것은 아닌지 유전자 검사라도 해보고 싶다.",disgust,,,,,,,
어렵게 생각하지 맙시다.. 시키는 자들은 돈을 주고.. 가서 괴롭힐 자들은 힘이없다.. 보수니 진보니.. 그런거 따질 끈덕지도 없다..,sadness,,,,,,,
벌써 줄서는거 봐라. 경찰은 원래 개였기에 또 금방 정권의 개로 전락한다. 경찰청엔 노동자 탄압 프락치를 장으로 해서 인간성 상실한 개로 경찰을 만들려 한다.,angry,,,,,,,
구린내가 진동해요. 오물을 덮고 있는 장막을 계속 걷어주세요~~,angry,,,,,,,
국민 눈치보고 잠적한 줄 알았더니 겁나 나댔구나.,neutral,,,,,,,
지돈 안들어간다고 갈지자 횡보하고 단고 잇구만 사적 모임 이나 사적인일에공권력 동원햇다면 국부손실죄로 엄히다스려야 될듯 한데 아주 미쳐돌아가고 잇네 누가 이걸 관리 하는거야 경찰 동원 하려면 협조문서가 잇을텐데 철저하게 검증해봐라,angry,,,,,,,
권력잡은거 이용해먹을려고 졸라 돌아다닌모양이네.,neutral,,,,,,,
"죄를 지었으니 집에서 내조만 한다던이,,,,새빨간 거짓말이네,,,,범죄도 장모도 범죄 굥도 범죄 이런걸 계속 봐야 하는지,,국민들 90%는 열받는다.,,탄핵이 답인것 같구나",angry,,,,,,,
세상에나!! 이게 나라냐?? 김건희는 조용히 있었던게 아니라 아주 비밀리에 나라돈으로 펑펑 잘쓰고 다니고 있었구나!!ㅉㅉ 국민이 알아야 할 권리가 있음에도 전부다 비밀에 붙이며 공개 못한다는 경찰 관계자들!! 니들이 그러니까 ?? 찰 소리 듣는거야 이것들아!!,surprise,,,,,,,
진짜 보다보다 저렇게 설치고 지사진 뿌려대고 매번 얼굴이 바뀌는 댓통부인은 첨본다~ 게다가 윤석열은 온갖 범죄혐의가 걸려있는 마누라를... 주가조작부터 재산형성에도 숱한 법적 시비가 걸려있는 아줌마를 왜 설치게 놔두냐?? 고양이한테 생선준 꼴이지~ 지버릇 어디가냐? 저여자 살아온 이력을 봐라~ 계속 뒤에서 몰래 설치게 뇌둔다면 윤도 공범인거지~~,surprise,,,,,,,
어떻게 된 거니? 왜그렇게 나대는 거니? 부부사이가 맞는 거니? 굥썩렬이 거니라면 왜 그렇게 감싸고 도는 거니?,angry,,,,,,,
대통령배우자 활동제한법이라도 만들어 다시는 이런 사기꾼이 시민들을 불쾌하고 차증나게 만들지 못하도록 합시다 수사에 성실하게 응하는게 도리인데 지가 왕인줄 알고 설쳐대는데도 오히려 경호를 해야한다는게 이게 말이 안됩니다 아무것도 못하게 감옥으로 보내는수밖에 없겠네요,angry,,,,,,,
조중동은 절대 쓸 수 없는 기사...,neutral,,,,,,,
김무성 사돈 기업!!으로 김무성이 대놓고 외압행사했지..딸년은 허접 경력에도 정교수되고..,disgust,,,,,,,
뉴스타파 응원합니다!,happiness,,,,,,,
가족사기단 김건희윤석렬의 범죄는 지은죄가 하도 많아서 자잘한 범죄는 신경도 안쓰는구나,angry,,,,,,,
니들도 참 딱하다. 그래서 독립투사분들이 대단하신거야. 어떠한 상황에서도 절개와 기개를 잃지 않으셨지. 니들처럼 항상 전전긍긍하고 기웃기웃거리지 않아.,neutral,,,,,,,
지네가 숭배하는 검새당이 한짓인데 감안해야지.죽어 빨고 지새끼들 에 새끼들 먹고 살 물인데 2찍늙은이들은 아직도 멸공외치면서 빨아요. 명박이한테 감사 표창장주지그러니. 참 뭐하나 물어보자 성조기는 왜 들고 난리치니? 니네 원조 일장기나 요즘 니네사상 북한인공기 흔들지,disgust,,,,,,,
개판 떡검…. 다한민국에 법이 있긴한가?!,angry,,,,,,,
과학방역 아래 사망자와 감염자는 늘어가고 검경은 충견임을 자청하고 윤집은 군인들로 에워 쌓고 각 부처는 깨갱거리며 국민들의 안위는 불구경 하듯 하고 윤정부의 그릇이 작아 국민들의 분노가 쌓이고 쌓여 촛불 아닌 횃불로 표출될 조짐이 보이는건 나만의 우려 일까?,neutral,,,,,,,
각자도생하라 법은 해줄수있는게 없다 법은 법대로할뿐 이게 법이냐 에라이,angry,,,,,,,
기자 너나 줍줍해라... 약을 쳐도 적당히 쳐야지..,angry,,,,,,,
거시기당 몽리 부려도 다음 총선대 표만 갉아먹는다.,neutral,,,,,,,
민주당은 실력 없으니 쪽수로 밀어 부치네...한심한 민주당 ..해체가 답이다,angry,,,,,,,
발로만 반려견 동물 학데 하지마라 나도 반려견 데리고 병원 갓는데 병원비 55만원 나오드라 발 사이에 염중 있어 갓느데 피검사 액스레사진 연고 하나 이래서 오십만원돈이 나오는데 그뒤로 약국에 가서 사람 피부연고 사다 바르곤한다 효과 최고,neutral,,,,,,,
자살당하지 못하게 구치소에서 관리 잘 하기 바랍니다..죄명이 이제 큰일났네.ㅋ,disgust,,,,,,,
이재명 문죄인 구속가즈아,disgust,,,,,,,
입만열면 거짓말 조작 날조 검사 윤석열 ㅡ 세계를 상대로 조작 날조 (쓰레기 윤석열),disgust,,,,,,,
개 무능한 죄 바이든.,disgust,,,,,,,
"끝까지 국민들 상대로 투쟁하라고 어느 타워가 시키더노? 천공, 검찰, 건희, 아님 모지리 원래 천성이가? 억지부릴걸 부려라",angry,,,,,,,
하여간 리죄명 이 양파같은 남쟈~~~♡ 파도파도 끝없이 나오는 범죄들~~~♡ 매력이 넘쳐흘러 완젼~~~♡,disgust,,,,,,,
진짜 개돼지로아는구나,disgust,,,,,,,
니들이 욕좀하고 말넘들이냐? 이재명 물타기로 탄핵한다고 했을듯 한데? 이제 슬슬 쫄리나보다.,angry,,,,,,,
홧팅!! 우리나라 홧팅 윤대통령!!,happiness,,,,,,,
결혼하고 애를 나을 환경을 만들어야지 ㅋㅋㅋ 진짜 대한민국 없어지겄다,sadness,,,,,,,
공감합니다.,happiness,,,,,,,
윤족발 꼬붕이들 증거조작질하나 잘봐라.,disgust,,,,,,,
대깨들은 그냥 어느날 한번에 죽어버렸으면 ㅋㅋ,disgust,,,,,,,
다음은 이재명 그리고 문재인이 당첨 경축!,happiness,,,,,,,
더듬고만졌당의 정책은 쓰레기다!,disgust,,,,,,,
"요즘 일베, 페미..등등 사회악들이 곳곳에 있다. 지역비하, 여성비하, 노인비하...등등",disgust,,,,,,,
보수국힘당과 윤석열 정부 입으로만선제타격.입으로만 안보.입으로만 국민.보수정권에서는 국방예산감액 등등.진정한 빨갱이요..진정한 매국노 인듯하다.,angry,,,,,,,
북한 핵포기 안하는데 대북사업이 가능하냐? 도대체 문정부에서 북한과 뭔계약을 하고 뭔 짓거리를 하고 다녔는지 다 조사해서..빨갱이들을 다잡아 들여야..,angry,,,,,,,
유사 상품들은 철저히 붕괴되어야만 경제가 활성화 된다...잡초가 무성한 곳에서는 곡식과 과일이 온전히 생장하지 못한다..저금리에 기대어 노름질로 헛빵을 꿈꾸는 인간들도 도태시켜야 한다..,neutral,,,,,,,
검사님들은 평생 사과는 안해보셨지요? 검사님들을 영감님이라 호칭을 한 이유를 알겠네요. 검사님들이 두렵고 무섭습니다. 쩐상천하 유아독존.,fear,,,,,,,
또 무슨 말로 사기칠까?,angry,,,,,,,
아침에 일찍 못일어남,neutral,,,,,,,
"다 들어본것 같은데 전어를 먹으라는 말은 못 들어본것 같다. 그래서 이번기회에 한번 전어요리를 먹어봐야겠다. 그리고 이번에 인삼, 조기, 참나물을 먹어야겠다. 그런데 나는 조기가 제일 좋은 것 같다.",neutral,,,,,,,
푸틴의 단기간에 우크라이나를 정복할 수 있다고 정보부의 잘못된 정보를 믿는 실수 덕분에 소련 붕괴에 이은 러시아 연방의 붕괴를 또 보게 될듯,neutral,,,,,,,
체첸들고 일어난다면.. 러시아 분열 가능하다.,neutral,,,,,,,
개독교는 아니지~~,disgust,,,,,,,
MBC 안본지 오래다 없어져야할방송 편파방송 mbc가 우찌 이리됐노?,disgust,,,,,,,
푸틴을 제거할 계획을 짜소,neutral,,,,,,,
아내를 죽이면 징역 3년입니다.,neutral,,,,,,,
"뻔뻔한짓 그만두고, 쿨하게 사과 해라",angry,,,,,,,
이재명 응원합니다~~똑부러지네^^,happiness,,,,,,,
가해자들 얼굴 크게 나오도록 영상 찍어서 전세계에 유포해라. 평생 지워지지 않게.,angry,,,,,,,
판사들 바꿔야겠네요ㅡ 판사가 가해자 편에서 판결내리고 기각하고ㅡ,angry,,,,,,,
우웩 이걸 먹고 찾는 사람이 있으니 들어오는걸꺼아냐 윀,disgust,,,,,,,
요즘 민주당은 인간이기를 포기한당ㆍ 범죄인 한사람을 지키기 위한당,disgust,,,,,,,
자전거도 위험합니다. 사진을보아 자전거도로 같아요,neutral,,,,,,,
더듬이 민죄당 너희들도 국회내에서 혼자 말로 욕을 더 많이 하더군.,disgust,,,,,,,
난 국개의원 싫어요. 이제서 법 개정 한다구,disgust,,,,,,,
아마추어도 아깝다 9수한 새끼가 나라 말아먹게 생겼네.,angry,,,,,,,
더러운 대머리 놈,disgust,,,,,,,
어이가 없네,surprise,,,,,,,
무능 윤석녈 정부,disgust,,,,,,,
야. 니가 싼똥 니가 치워. 너가 일조했잖아.,angry,,,,,,,
"이러면 집주인들은 더 활개치겠네, 국세 그거 개호구아니냐?",disgust,,,,,,,
북한 핵실험 올해는 안 한다 했다간 바이든 한테 골로 간다.,neutral,,,,,,,
"미사일도 돈인데 저 돈이 어디서 나서 그냥 막 터뜨리나 몰라. 경제 제재 중인 북한이 2018, 2019년 GDP가 증가한건 왜 일까?",surprise,,,,,,,
그래도 버리는 사람보단 낫다,neutral,,,,,,,
북한이 한미연합훈련 하고 있는데 미사일 쏠 용기가 생긴건 한국이 조만간 경제폭망으로 혼란상황이 발생할 수도 있다는걸 아는거지,neutral,,,,,,,
"배급제 사회도 모자라 이 인간 내각제 개헌 하자는 건데, 개딸들 내각제 절대 반대하지 않았어요? 이 자 정체가 뭘까요? 님들이 생각하는 그런 사람 아니에요. 정신 차리시길.",disgust,,,,,,,
인구감축 하느라고 애쓴다 ㅁㅊ,surprise,,,,,,,
피부과 쥐젖 치료 겁나비싸다 보험적용 해주세요,neutral,,,,,,,
마포구에 밀실행정으로 소각장추가 강행으로 지금 주민의 분노와 저항이 극에 다다르고 있거늘 여기서 무책임을 논할 자격이 있는지? 불공정 마포소각장 전면철회하라!,angry,,,,,,,
쯧쯧 골비었네,disgust,,,,,,,
얘 띠도 돼지띠,disgust,,,,,,,
문재앙과 주사파 김정은 추종자들이 좋아합니다,disgust,,,,,,,
김건히 구속시켜라 나쁜놈 들아,angry,,,,,,,
그놈의 기본 타령. 전과4범. 먼저 자신부터 돌아보길.,disgust,,,,,,,
민주당 한심하다...,disgust,,,,,,,
나가 죽어라 늙은놈이,disgust,,,,,,,
모처럼 기사보고 웃고 있어요,happiness,,,,,,,
